Study Section,Abbreviation,Startdate,Firstname,Lastname,Zipcode,Name,Ad1,Ad2,Ad3,Ad4,Ad5,Ad6,Ad7
CELL STRUCTURE AND FUNCTION 1 STUDY SECTION,CSF1,6/10/2024,JOSE R,ALVARADO,78712,"ALVARADO, JOSE R",ASSISTANT PROFESSOR,DEPARTMENT OF PHYSICS,UNIVERSITY OF TEXAS AT AUSTIN,"AUSTIN,    TX,    78712",,,
KIDNEY ENDOCRINE AND DIGESTIVE DISORDERS STUDY SECTION,KEDD,6/17/2024,YOKO MIYAMOTO,AMBROSINI,99164,"AMBROSINI, YOKO MIYAMOTO",ASSISTANT PROFESSOR,DEPARTMENT OF VETERINARY CLINICAL SCIENCES,COLLEGE OF VETERINARY MEDICINE,WASHINGTON STATE UNIVERSITY,"PULLMAN,    WA,    99164",,
BIOCHEMISTRY AND BIOPHYSICS OF MEMBRANES STUDY SECTION,BBM,2/22/2024,CARLOS RAUL,BAIZ,78712,"BAIZ, CARLOS RAUL",ASSOCIATE PROFESSOR,DEPARTMENT OF CHEMISTRY,UNIVERSITY OF TEXAS AT AUSTIN,"AUSTIN,    TX,    78712",,,
BIOCHEMISTRY AND BIOPHYSICS OF MEMBRANES STUDY SECTION,BBM,10/12/2023,CARLOS RAUL,BAIZ,78712,"BAIZ, CARLOS RAUL",ASSOCIATE PROFESSOR,DEPARTMENT OF CHEMISTRY,UNIVERSITY OF TEXAS AT AUSTIN,"AUSTIN,    TX,    78712",,,
DRUG AND BIOLOGIC THERAPEUTIC DELIVERY STUDY SECTION,DBTD,6/17/2024,AARON BLAIR,BAKER,78712,"BAKER, AARON BLAIR",PROFESSOR,DEPARTMENT OF BIOMEDICAL ENGINEERING,COCKRELL SCHOOL OF ENGINEERING,THE UNIVERSITY OF TEXAS AT AUSTIN,"AUSTIN,    TX,    78712",,
AGING SYSTEMS AND GERIATRICS STUDY SECTION,ASG,6/6/2024,JILL NICOLE,BARNES,53706,"BARNES, JILL NICOLE",ASSOCIATE PROFESSOR,DEPARTMENT OF KINESIOLOGY,"UNIVERSITY OF WISCONSIN, MADISON","MADISON,    WI,    53706",,,
IMAGING GUIDED INTERVENTIONS AND SURGERY STUDY SECTION,IGIS,10/19/2023,CAROLYN LOUISE,BAYER,70118,"BAYER, CAROLYN LOUISE",ASSOCIATE PROFESSOR,DEPARTMENT OF BIOMEDICAL ENGINEERING,TULANE UNIVERSITY,"NEW ORLEANS,    LA,    70118",,,
POPULATION BASED RESEARCH IN INFECTIOUS DISEASE STUDY SECTION,PRID,6/25/2024,DARLENE,BHAVNANI,78746,"BHAVNANI, DARLENE",ASSISTANT PROFESSOR,DEPARTMENT OF POPULATION HEALTH,DELL MEDICAL SCHOOL,THE UNIVERSITY OF TEXAS AT AUSTIN,"AUSTIN,    TX,    78746",,
MODELING AND ANALYSIS OF BIOLOGICAL SYSTEMS STUDY SECTION,MABS,11/2/2023,GEORGE,BIROS,787121229,"BIROS, GEORGE",PROFESSOR,DEPARTMENT OF MECHANICAL ENGINEERING,INSTITUTE FOR COMPUTATIONAL ENGINEERING & SCIENCES,UNIVERSITY OF TEXAS,"AUSTIN,    TX,    787121229",,
TRANSLATIONAL IMMUNO-ONCOLOGY STUDY SECTION,TIO,6/17/2024,JOHN JAMES,BLAZECK,30332,"BLAZECK, JOHN JAMES",ASSISTANT PROFESSOR,SCHOOL OF CHEMICAL AND BIOMOLECULAR ENGINEERING,GEORGIA INSTITUTE OF TECHNOLOGY,"ATLANTA,    GA,    30332",,,
DRUG DISCOVERY AND MOLECULAR PHARMACOLOGY A STUDY SECTION ,DMPA,3/19/2024,JOSEPH MICHAEL,BOLL,75080,"BOLL, JOSEPH MICHAEL",ASSOCIATE PROFESSOR,DEPARTMENT OF BIOLOGICAL SCIENCES,UNIVERSITY OF TEXAS AT DALLAS,"RICHARDSON,    TX,    75080",,,
NEURONAL COMMUNICATIONS STUDY SECTION,NC,6/13/2024,DARRIN H,BRAGER,86154,"BRAGER, DARRIN H",ASSISTANT PROFESSOR,DEPARTMENT OF LIFE SCIENCES,"UNIVERSITY OF NEVADA, LAS VEGAS","LAS VEGAS,    NV,    86154",,,
COMMUNITY INFLUENCES ON HEALTH BEHAVIOR STUDY SECTION,CIHB,6/11/2024,BRITTANY,BROWN-PODGORSKI,15261,"BROWN-PODGORSKI, BRITTANY",ASSISTANT PROFESSOR,DEPARTMENT OF HEALTH POLICY AND MANAGEMENT,UNIVERSITY OF PITTSBURGH,"PITTSBURGH,    PA,    15261",,,
DRUG AND BIOLOGIC THERAPEUTIC DELIVERY STUDY SECTION,DBTD,6/17/2024,ASHLEE D,BRUNAUGH,48109,"BRUNAUGH, ASHLEE D",ASSISTANT PROFESSOR,DEPARTMENT OF PHARMACEUTICAL SCIENCES,COLLEGE OF PHARMACY,UNIVERSITY OF MICHIGAN,"ANN ARBOR,    MI,    48109",,
CLINICAL TRANSLATIONAL IMAGING SCIENCE STUDY SECTION,CTIS,6/20/2024,ADAM M,BUSH,78712,"BUSH, ADAM M",ASSISTANT PROFESSOR,DEPARTMENT OF BIOMEDICAL ENGINEERING,UNIVERSITY OF TEXAS AT AUSTIN,"AUSTIN,    TX,    78712",,,
PREGNANCY AND NEONATOLOGY STUDY SECTION,PN,6/17/2024,ALISON G,CAHILL,78712,"CAHILL, ALISON G",PROFESSOR,DEPARTMENT OF WOMEN'S HEALTH,DELL MEDICAL SCHOOL,UNIVERSITY OF TEXAS AT AUSTIN,"AUSTIN,    TX,    78712",,
PREGNANCY AND NEONATOLOGY STUDY SECTION,PN,2/20/2024,ALISON G,CAHILL,78712,"CAHILL, ALISON G",PROFESSOR,DEPARTMENT OF WOMEN'S HEALTH,DELL MEDICAL SCHOOL,UNIVERSITY OF TEXAS AT AUSTIN,"AUSTIN,    TX,    78712",,
PREGNANCY AND NEONATOLOGY STUDY SECTION,PN,10/24/2023,ALISON G,CAHILL,78712,"CAHILL, ALISON G",PROFESSOR,DEPARTMENT OF WOMEN'S HEALTH,DELL MEDICAL SCHOOL,UNIVERSITY OF TEXAS AT AUSTIN,"AUSTIN,    TX,    78712",,
ANALYTICS AND STATISTICS FOR POPULATION RESEARCH PANEL B STUDY SECTION,ASPB,7/16/2024,CATHERINE A,CALDER,78712,"CALDER, CATHERINE A",PROFESSOR AND CHAIR,DEPARTMENT OF STATISTICS AND DATA SCIENCES,COLLEGE OF NATURAL SCIENCES,THE UNIVERSITY OF TEXAS AT AUSTIN,"AUSTIN,    TX,    78712",,
ANALYTICS AND STATISTICS FOR POPULATION RESEARCH PANEL B STUDY SECTION,ASPB,2/12/2024,CATHERINE A,CALDER,78712,"CALDER, CATHERINE A",PROFESSOR AND CHAIR,DEPARTMENT OF STATISTICS AND DATA SCIENCES,COLLEGE OF NATURAL SCIENCES,THE UNIVERSITY OF TEXAS AT AUSTIN,"AUSTIN,    TX,    78712",,
ANALYTICS AND STATISTICS FOR POPULATION RESEARCH PANEL B STUDY SECTION,ASPB,11/14/2023,CATHERINE A,CALDER,78712,"CALDER, CATHERINE A",PROFESSOR AND CHAIR,DEPARTMENT OF STATISTICS AND DATA SCIENCES,COLLEGE OF NATURAL SCIENCES,THE UNIVERSITY OF TEXAS AT AUSTIN,"AUSTIN,    TX,    78712",,
DRUG AND BIOLOGIC THERAPEUTIC DELIVERY STUDY SECTION,DBTD,2/1/2024,CASSANDRA ELIZABETH,CALLMANN,78712,"CALLMANN, CASSANDRA ELIZABETH",ASSISTANT PROFESSOR,DEPARTMENT OF CHEMISTRY,THE UNIVERSITY OF TEXAS AT AUSTIN,"AUSTIN,    TX,    78712",,,
BACTERIAL-HOST INTERACTIONS STUDY SECTION ,BHI,11/2/2023,ERIC D,CAMBRONNE,78705,"CAMBRONNE, ERIC D",ASSOCIATE PROFESSOR,MOLECULAR BIOSCIENCES,THE UNIVERSITY OF TEXAS AT AUSTIN,"AUSTIN,    TX,    78705",,,
IMAGING GUIDED INTERVENTIONS AND SURGERY STUDY SECTION,IGIS,2/15/2024,EDWARD,CASTILLO,78712,"CASTILLO, EDWARD",ASSOCIATE PROFESSOR AND ASSOCIATE CHAIR FOR GRADUATE EDUCATION,"WILLIAM J. MURRAY, JR. FELLOWSHIP IN ENGINEERING",DEPARTMENT OF BIOMEDICAL ENGINEERING,UNIVERSITY OF TEXAS AT AUSTIN,"AUSTIN,    TX,    78712",,
IMAGING GUIDED INTERVENTIONS AND SURGERY STUDY SECTION,IGIS,10/19/2023,EDWARD,CASTILLO,78712,"CASTILLO, EDWARD",ASSOCIATE PROFESSOR AND ASSOCIATE CHAIR FOR GRADUATE EDUCATION,"WILLIAM J. MURRAY, JR. FELLOWSHIP IN ENGINEERING",DEPARTMENT OF BIOMEDICAL ENGINEERING,UNIVERSITY OF TEXAS AT AUSTIN,"AUSTIN,    TX,    78712",,
LANGUAGE AND COMMUNICATION STUDY SECTION,LCOM,6/27/2024,BHARATH,CHANDRASEKARAN,60208,"CHANDRASEKARAN, BHARATH",PROFESSOR,DEPARTMENT OF COMMUNICATION SCIENCES,AND DISORDERS,NORTHWESTERN UNIVERSITY,"EVANSTON,    IL,    60208",,
LANGUAGE AND COMMUNICATION STUDY SECTION,LCOM,2/8/2024,BHARATH,CHANDRASEKARAN,60208,"CHANDRASEKARAN, BHARATH",PROFESSOR,DEPARTMENT OF COMMUNICATION SCIENCES,AND DISORDERS,NORTHWESTERN UNIVERSITY,"EVANSTON,    IL,    60208",,
LANGUAGE AND COMMUNICATION STUDY SECTION,LCOM,10/5/2023,BHARATH,CHANDRASEKARAN,60208,"CHANDRASEKARAN, BHARATH",PROFESSOR,DEPARTMENT OF COMMUNICATION SCIENCES,AND DISORDERS,NORTHWESTERN UNIVERSITY,"EVANSTON,    IL,    60208",,
PATHOPHYSIOLOGY OF EYE DISEASE - 1 STUDY SECTION,PED1,10/16/2023,XI,CHEN,27710,"CHEN, XI",ASSISTANT PROFESSOR,DEPARTMENT OF OPHTHALMOLOGY,DUKE UNIVERSITY,"DURHAM,    NC,    27710",,,
PATHOPHYSIOLOGY OF EYE DISEASE - 1 STUDY SECTION,PED1,10/16/2023,XI,CHEN,27710,"CHEN, XI",ASSISTANT PROFESSOR,DEPARTMENT OF OPHTHALMOLOGY,DUKE UNIVERSITY,"DURHAM,    NC,    27710",,,
SOCIAL SCIENCES AND POPULATION STUDIES B STUDY SECTION,SSPB,2/15/2024,XI,CHEN,6510,"CHEN, XI",ASSOCIATE PROFESSOR,DEPARTMENTS OF PUBLIC HEALTH AND GLOBAL HEALTH,AND ECONOMICS,YALE UNIVERSITY,"NEW HAVEN,    CT,    06510",,
SOCIAL SCIENCES AND POPULATION STUDIES B STUDY SECTION,SSPB,2/15/2024,XI,CHEN,6510,"CHEN, XI",ASSOCIATE PROFESSOR,DEPARTMENTS OF PUBLIC HEALTH AND GLOBAL HEALTH,AND ECONOMICS,YALE UNIVERSITY,"NEW HAVEN,    CT,    06510",,
NEUROTOXICOLOGY AND ALCOHOL STUDY SECTION,NAL,10/10/2023,ROBERTO U,COFRESI,65211,"COFRESI, ROBERTO U",ASSISTANT RESEARCH PROFESSOR,DEPARTMENT OF PSYCHOLOGICAL SCIENCES,COLLEGE OF ARTS AND SCIENCE,UNIVERSITY OF MISSOURI,"COLUMBIA,    MO,    65211",,
DRUG DISCOVERY AND MOLECULAR PHARMACOLOGY A STUDY SECTION ,DMPA,6/20/2024,BRYAN WILLIAM,DAVIES,78712,"DAVIES, BRYAN WILLIAM",ASSOCIATE PROFESSOR,DEPARTMENT OF MOLECULAR BIOSCIENCES,COLLEGE OF NATURAL SCIENCES,UNIVERSITY OF TEXAS AT AUSTIN,"AUSTIN,    TX,    78712",,
DRUG DISCOVERY AND MOLECULAR PHARMACOLOGY A STUDY SECTION ,DMPA,3/19/2024,BRYAN WILLIAM,DAVIES,78712,"DAVIES, BRYAN WILLIAM",ASSOCIATE PROFESSOR,DEPARTMENT OF MOLECULAR BIOSCIENCES,COLLEGE OF NATURAL SCIENCES,UNIVERSITY OF TEXAS AT AUSTIN,"AUSTIN,    TX,    78712",,
DRUG DISCOVERY AND MOLECULAR PHARMACOLOGY A STUDY SECTION ,DMPA,11/7/2023,BRYAN WILLIAM,DAVIES,78712,"DAVIES, BRYAN WILLIAM",ASSOCIATE PROFESSOR,DEPARTMENT OF MOLECULAR BIOSCIENCES,COLLEGE OF NATURAL SCIENCES,UNIVERSITY OF TEXAS AT AUSTIN,"AUSTIN,    TX,    78712",,
HUMAN STUDIES OF DIABETES AND OBESITY STUDY SECTION,HSDO,10/19/2023,JAIMIE NICOLE,DAVIS,78723,"DAVIS, JAIMIE NICOLE",ASSOCIATE PROFESSOR,DEPARTMENT OF NUTRITIONAL SCIENCES,COLLEGE OF NATURAL SCIENCES,UNIVERSITY OF TEXAS AT AUSTIN,"AUSTIN,    TX,    78723",,
MUSCULOSKELETAL REHABILITATION SCIENCES STUDY SECTION,MRS,6/13/2024,JONATHAN B,DINGWELL,16802,"DINGWELL, JONATHAN B",PROFESSOR,DEPARTMENT OF KINESIOLOGY,COLLEGE OF HEALTH AND HUMAN DEVELOPMENT,PENNSYLVANIA STATE UNIVERSITY,"UNIVERSITY PARK,    PA,    16802",,
MUSCULOSKELETAL REHABILITATION SCIENCES STUDY SECTION,MRS,10/19/2023,JONATHAN B,DINGWELL,16802,"DINGWELL, JONATHAN B",PROFESSOR,DEPARTMENT OF KINESIOLOGY,COLLEGE OF HEALTH AND HUMAN DEVELOPMENT,PENNSYLVANIA STATE UNIVERSITY,"UNIVERSITY PARK,    PA,    16802",,
HUMAN COMPLEX MENTAL FUNCTION STUDY SECTION,HCMF,6/6/2024,AUDREY,DUARTE,78712,"DUARTE, AUDREY",PROFESSOR,DEPARTMENT OF PSYCHOLOGY,"UNIVERSITY OF TEXAS, AUSTIN","AUSTIN,    TX,    78712",,,
HUMAN COMPLEX MENTAL FUNCTION STUDY SECTION,HCMF,2/20/2024,AUDREY,DUARTE,78712,"DUARTE, AUDREY",PROFESSOR,DEPARTMENT OF PSYCHOLOGY,"UNIVERSITY OF TEXAS, AUSTIN","AUSTIN,    TX,    78712",,,
HUMAN COMPLEX MENTAL FUNCTION STUDY SECTION,HCMF,10/12/2023,AUDREY,DUARTE,78712,"DUARTE, AUDREY",PROFESSOR,DEPARTMENT OF PSYCHOLOGY,"UNIVERSITY OF TEXAS, AUSTIN","AUSTIN,    TX,    78712",,,
EMERGING IMAGING TECHNOLOGIES IN NEUROSCIENCE STUDY SECTION,EITN,10/19/2023,ADRIENNE NICOLE,DULA,78751,"DULA, ADRIENNE NICOLE",ASSISTANT PROFESSOR,DEPARTMENT OF NEUROLOGY AND DIAGNOSTIC MEDICINE,THE UNIVERSITY OF TEXAS AT AUTIN,DELL MEDICAL SCHOOL,THE UNIVERSITY OF TEXAS AT AUTIN,"AUSTIN,    TX,    78751",
CELLULAR AND MOLECULAR IMMUNOLOGY - B STUDY SECTION,CMIB,6/27/2024,LAUREN ILYSE RICHIE,EHRLICH,78712,"EHRLICH, LAUREN ILYSE RICHIE","PROFESSOR, L.LEON CAMPBELL, PH.D",DISTINGUISHED PROFESSOR IN MICROBIOLOGY,DEPARTMENT OF MOLECULAR BIOSCIENCES,THE UNIVERSITY OF TEXAS AT AUSTIN,"AUSTIN,    TX,    78712",,
CELLULAR AND MOLECULAR IMMUNOLOGY - B STUDY SECTION,CMIB,10/26/2023,LAUREN ILYSE RICHIE,EHRLICH,78712,"EHRLICH, LAUREN ILYSE RICHIE","PROFESSOR, L.LEON CAMPBELL, PH.D",DISTINGUISHED PROFESSOR IN MICROBIOLOGY,DEPARTMENT OF MOLECULAR BIOSCIENCES,THE UNIVERSITY OF TEXAS AT AUSTIN,"AUSTIN,    TX,    78712",,
EMERGING IMAGING TECHNOLOGIES AND APPLICATIONS STUDY SECTION,EITA,2/22/2024,STANISLAV Y,EMELIANOV,30322,"EMELIANOV, STANISLAV Y",PROFESSOR,DEPARTMENTS OF ELECTRICAL AND COMPUTER,"ENGINEERING, BIOMEDICAL ENGINEERING, AND RADIOLOGY",GEORGIA INSTITUTE OF TECHNOLOGY,EMORY UNIVERSITY SCHOOL OF MEDICINE,"ATLANTA,    GA,    30322",
IMAGING TECHNOLOGY DEVELOPMENT STUDY SECTION,ITD,6/20/2024,STANISLAV Y,EMELIANOV,30322,"EMELIANOV, STANISLAV Y",PROFESSOR,DEPARTMENT OF BIOMEDICAL ENGINEERING,GEORGIA INSTITUTE OF TECHNOLOGY,GEORGIA INSTITUTE OF TECHNOLOGY,"ATLANTA,    GA,    30322",,
INSTRUMENTATION AND SYSTEMS DEVELOPMENT STUDY SECTION,ISD,6/11/2024,DONGLEI EMMA,FAN,78759,"FAN, DONGLEI EMMA",PROFESSOR,DEPARTMENT OF MECHANICAL ENGINEERING,UNIVERSITY OF TEXAS AT AUSTIN,"AUSTIN,    TX,    78759",,,
ANTI-INFECTIVE RESISTANCE AND TARGETS STUDY SECTION ,AIRT,6/27/2024,RENEE,FLEEMAN,32816,"FLEEMAN, RENEE",ASSISTANT PROFESSOR,BURNETT SCHOOL OF BIOMEDICAL MEDICINE,UNIVERSITY OF CENTRAL FLORIDA,"ORLANDO,    FL,    32816",,,
"BEHAVIORAL NEUROENDOCRINOLOGY, NEUROIMMUNOLOGY, RHYTHMS, AND SLEEP STUDY SECTION ",BNRS,5/30/2024,LAURA K,FONKEN,78712,"FONKEN, LAURA K",ASSISTANT PROFESSOR,DEPARTMENT OF PHARMACOLOGY AND TOXICOLOGY,COLLEGE OF PHARMACY,"UNIVERSITY OF TEXAS, AUSTIN","AUSTIN,    TX,    78712",,
"BEHAVIORAL NEUROENDOCRINOLOGY, NEUROIMMUNOLOGY, RHYTHMS, AND SLEEP STUDY SECTION ",BNRS,2/1/2024,LAURA K,FONKEN,78712,"FONKEN, LAURA K",ASSISTANT PROFESSOR,DEPARTMENT OF PHARMACOLOGY AND TOXICOLOGY,COLLEGE OF PHARMACY,"UNIVERSITY OF TEXAS, AUSTIN","AUSTIN,    TX,    78712",,
"BEHAVIORAL NEUROENDOCRINOLOGY, NEUROIMMUNOLOGY, RHYTHMS, AND SLEEP STUDY SECTION ",BNRS,10/5/2023,LAURA K,FONKEN,78712,"FONKEN, LAURA K",ASSISTANT PROFESSOR,DEPARTMENT OF PHARMACOLOGY AND TOXICOLOGY,COLLEGE OF PHARMACY,"UNIVERSITY OF TEXAS, AUSTIN","AUSTIN,    TX,    78712",,
"BIOBEHAVIORAL REGULATION, LEARNING AND ETHOLOGY STUDY SECTION",BRLE,2/28/2024,MIKE,FREEDBERG,78712,"FREEDBERG, MIKE",ASSISTANT PROFESSOR,DEPARTMENT OFÂ KINESIOLOGY AND HEALTH EDUCATION,UNIVERSITY OF TEXAS AT AUSTIN,"AUSTIN,    TX,    78712",,,
CLINICAL NEUROPLASTICITY AND NEUROTRANSMITTERS STUDY SECTION,CNNT,6/20/2024,ANDREW,GAUDET,78712,"GAUDET, ANDREW",ASSISTANT PROFESSOR,DEPARTMENT PSYCHOLOGY,UNIVERSITY OF TEXAS AT AUSTIN,"AUTSIN,    TX,    78712",,,
MUSCULOSKELETAL REHABILITATION SCIENCES STUDY SECTION,MRS,6/13/2024,LISA,GRIFFIN,78712,"GRIFFIN, LISA",ASSOCIATE PROFESSOR,DEPARTMENT OF KINESIOLOGY AND,HEALTH EDUCATION,THE UNIVERSITY OF TEXAS AT AUSTIN,"AUSTIN,    TX,    78712",,
BIOLOGY AND DEVELOPMENT OF THE EYE STUDY SECTION,BDE,6/12/2024,JEFFREY,GROSS,78712,"GROSS, JEFFREY",PROFESSOR AND CHAIR,DEPARTMENT OF MOLECULAR BIOSCIENCES,THE UNIVERSITY OF TEXAS AT AUSTIN,"AUSTIN,    TX,    78712",,,
BIOLOGY AND DEVELOPMENT OF THE EYE STUDY SECTION,BDE,2/15/2024,JEFFREY,GROSS,78712,"GROSS, JEFFREY",PROFESSOR AND CHAIR,DEPARTMENT OF MOLECULAR BIOSCIENCES,THE UNIVERSITY OF TEXAS AT AUSTIN,"AUSTIN,    TX,    78712",,,
BIOLOGY AND DEVELOPMENT OF THE EYE STUDY SECTION,BDE,10/17/2023,JEFFREY,GROSS,78712,"GROSS, JEFFREY",PROFESSOR AND CHAIR,DEPARTMENT OF MOLECULAR BIOSCIENCES,THE UNIVERSITY OF TEXAS AT AUSTIN,"AUSTIN,    TX,    78712",,,
MAXIMIZING INVESTIGATORS? RESEARCH AWARD A STUDY SECTION,MRAA,7/1/2024,RASIKA M,HARSHEY,78712,"HARSHEY, RASIKA M",PROFESSOR,DEPARTMENT OF MOLECULAR BIOSCIENCES,UNIVERSITY OF TEXAS AT AUSTIN,"AUSTIN,    TX,    78712",,,
MAXIMIZING INVESTIGATORS? RESEARCH AWARD A STUDY SECTION,MRAA,2/20/2024,RASIKA M,HARSHEY,78712,"HARSHEY, RASIKA M",PROFESSOR,DEPARTMENT OF MOLECULAR BIOSCIENCES,UNIVERSITY OF TEXAS AT AUSTIN,"AUSTIN,    TX,    78712",,,
MAXIMIZING INVESTIGATORS? RESEARCH AWARD A STUDY SECTION,MRAA,10/19/2023,RASIKA M,HARSHEY,78712,"HARSHEY, RASIKA M",PROFESSOR,DEPARTMENT OF MOLECULAR BIOSCIENCES,UNIVERSITY OF TEXAS AT AUSTIN,"AUSTIN,    TX,    78712",,,
MODELING AND ANALYSIS OF BIOLOGICAL SYSTEMS STUDY SECTION,MABS,6/27/2024,SHAOLIE SAMIRA,HOSSAIN,78712,"HOSSAIN, SHAOLIE SAMIRA",RESEARCH ASSOCIATE PROFESSOR,ODEN INSTITUTE FOR,COMPUTATIONAL ENGINEEROING & SCIENCES,"AUSTIN,    TX,    78712",,,
CHEMICAL BIOLOGY AND PROBES STUDY SECTION,CBP,10/19/2023,KU-LUNG,HSU,78712,"HSU, KU-LUNG",ASSOCIATE PROFESSOR,DEPARTMENT OF CHEMISTRY,UNIVERSITY OF TEXAS AT AUSTIN,"AUSTIN,    TX,    78712",,,
ENABLING BIOANALYTICAL AND IMAGING TECHNOLOGIES STUDY SECTION,EBIT,6/20/2024,KU-LUNG,HSU,78712,"HSU, KU-LUNG",ASSOCIATE PROFESSOR,DEPARTMENT OF CHEMISTRY,UNIVERSITY OF TEXAS AT AUSTIN,"AUSTIN,    TX,    78712",,,
"MOTOR FUNCTION, SPEECH AND REHABILITATION STUDY SECTION",MFSR,3/4/2024,SARA J,HUSSAIN,78712,"HUSSAIN, SARA J",ASSISTANT PROFESSOR,DEPARTMENT OF KINESIOLOGY AND HEALTH EDUCATION,UNIVERSITY OF TEXAS-AUSTIN,"AUSTIN,    TX,    78712",,,
INTERSPECIES MICROBIAL INTERACTIONS AND INFECTIOUS STUDY SECTION,IMII,6/5/2024,CAROLYN BROOK,IBBERSON,73019,"IBBERSON, CAROLYN BROOK",ASSISTANT PROFESSOR,DEPARTMENT OF MICROBIOLOGY,SCHOOL OF BIOLOGICAL SCIENCES,UNIVERSITY OF OKLAHOMA,"NORMAN,    OK,    73019",,
"NEURAL BASIS OF PSYCHOPATHOLOGY, ADDICTIONS AND SLEEP DISORDERS STUDY SECTION",NPAS,6/20/2024,MBEMBA,JABBI,78712,"JABBI, MBEMBA",ASSISTANT PROFESSOR,DEPARTMENT OF PSYCHIATRY AND,BEHAVIORAL SCIENCES,DELL MEDICAL SCHOOL,UNIVERSITY OF TEXAS AT AUSTIN,"AUSTIN,    TX,    78712",
"NEURAL BASIS OF PSYCHOPATHOLOGY, ADDICTIONS AND SLEEP DISORDERS STUDY SECTION",NPAS,2/22/2024,MBEMBA,JABBI,78712,"JABBI, MBEMBA",ASSISTANT PROFESSOR,DEPARTMENT OF PSYCHIATRY AND,BEHAVIORAL SCIENCES,DELL MEDICAL SCHOOL,UNIVERSITY OF TEXAS AT AUSTIN,"AUSTIN,    TX,    78712",
"NEURAL BASIS OF PSYCHOPATHOLOGY, ADDICTIONS AND SLEEP DISORDERS STUDY SECTION",NPAS,10/12/2023,MBEMBA,JABBI,78712,"JABBI, MBEMBA",ASSISTANT PROFESSOR,DEPARTMENT OF PSYCHIATRY AND,BEHAVIORAL SCIENCES,DELL MEDICAL SCHOOL,UNIVERSITY OF TEXAS AT AUSTIN,"AUSTIN,    TX,    78712",
"SOCIAL PSYCHOLOGY, PERSONALITY AND INTERPERSONAL PROCESSES STUDY SECTION",SPIP,6/27/2024,YURI,JANG,90007,"JANG, YURI",PROFESSOR,DEPARTMENT OF ADULT MENTAL HEALTH AND WELLNESS,SUZANNE DWORAK-PECK SCHOOL OF SOCIAL WORK,USC EDWARD R. ROYBAL INSTITUTE ON AGING,UNIVERSITY OF SOUTHERN CALIFORNIA,"LOS ANGELES,    CA,    90007",
"SOCIAL PSYCHOLOGY, PERSONALITY AND INTERPERSONAL PROCESSES STUDY SECTION",SPIP,2/22/2024,YURI,JANG,90007,"JANG, YURI",PROFESSOR,DEPARTMENT OF ADULT MENTAL HEALTH AND WELLNESS,SCHOOL OF SOCIAL WORK,UNIVERSITY OF SOUTHERN CALIFORNIA,"LOS ANGELES,    CA,    90007",,
BIOCHEMISTRY AND BIOPHYSICS OF MEMBRANES STUDY SECTION,BBM,2/22/2024,ANDRES,JARA OSEGUERA,78712,"JARA OSEGUERA, ANDRES",ASSISTANT PROFESSOR,DEPARTMENT OF MOLECULAR SCIENCES,UNIVERSITY OF TEXAS AUSTIN,"AUSTIN,    TX,    78712",,,
DRUG DISCOVERY AND MOLECULAR PHARMACOLOGY C STUDY SECTION,DMPC,3/7/2024,TAMER SAAD,KAOUD,78712,"KAOUD, TAMER SAAD",RESEARCH ASSISTANT PROFESSOR,CHEMICAL BIOLOGY & MEDICINAL CHEMISTRY,THE UNIVERSITY OF TEXAS AT AUSTIN,"AUSTIN,    TX,    78712",,,
DRUG DISCOVERY AND MOLECULAR PHARMACOLOGY C STUDY SECTION,DMPC,3/7/2024,DAWIT,KIDANE MULAT,20059,"KIDANE MULAT, DAWIT",ASSOCIATE PROFESSOR,COLLEGE OF MEDICINE,HOWARD UNIVERSITY,"WASHINGTON, DC,    DC,    20059",,,
INNATE IMMUNITY AND INFLAMMATION STUDY SECTION,III,10/19/2023,DAWIT,KIDANE MULAT,20059,"KIDANE MULAT, DAWIT",ASSOCIATE PROFESSOR,DEPARTMENT OF PHYSIOLOGY AND BIOPHYSICS,COLLEGE OF MEDICINE,HOWARD UNIVERSITY,"WASHINGTON, DC,    DC,    20059",,
MOLECULAR GENETICS STUDY SECTION,MG,6/20/2024,DAWIT,KIDANE MULAT,20059,"KIDANE MULAT, DAWIT",ASSOCIATE PROFESSOR,DEPARTMENT OF PHYSIOLOGY AND BIOPHYSICS,COLLEGE OF MEDICINE,HOWARD UNIVERSITY,"WASHINGTON, DC,    DC,    20059",,
BIOCHEMISTRY AND BIOPHYSICS OF MEMBRANES STUDY SECTION,BBM,10/12/2023,CHUNG SUB,KIM,30901,"KIM, CHUNG SUB",ASSISTANT PROFESSOR,DEPARTMENT OF NEUROSCIENCE AND REGENERATIVE,MEDICINE,AUGUSTA UNIVERSITY,"AUGUSTA,    GA,    30901",,
DEVELOPMENT - 2 STUDY SECTION,DEV2,10/10/2023,JONGHWAN,KIM,78712,"KIM, JONGHWAN",PROFESSOR,DEPARTMENT OF MOLECULAR BIOSCIENCES,UNIVERSITY OF TEXAS AT AUSTIN,"AUSTIN,    TX,    78712",,,
MOLECULAR GENETICS STUDY SECTION,MG,2/22/2024,NAYUN,KIM,78723,"KIM, NAYUN",ASSOCIATE PROFESSOR,DIVISION OF PHARMACOLOGY AND TOXICOLOGY,THE COLLEGE OF PHARMACY,UNIVERSITY OF TEXAS AT AUSTIN,"AUSTIN,    TX,    78723",,
MOLECULAR GENETICS STUDY SECTION,MG,10/26/2023,NAYUN,KIM,78723,"KIM, NAYUN",ASSOCIATE PROFESSOR,DIVISION OF PHARMACOLOGY AND TOXICOLOGY,THE COLLEGE OF PHARMACY,UNIVERSITY OF TEXAS AT AUSTIN,"AUSTIN,    TX,    78723",,
NEUROTOXICOLOGY AND ALCOHOL STUDY SECTION,NAL,6/4/2024,DEAN,KIRSON,38163,"KIRSON, DEAN",ASSISTANT PROFESSOR,"DEPARTMENT OF PHARMACOLOGY, ADDICTION SCIENCE,",AND TOXICOLOGY,COLLEGE OF MEDICINE MEMPHIS,THE UNIVERSITY OF TENNESSEE HEALTH SCIENCES CENTER,"MEMPHIS,    TN,    38163",
ENVIRONMENTAL DETERMINANTS OF DISEASE STUDY SECTION ,EDD,2/8/2024,SEONGMIN,LEE,787121140,"LEE, SEONGMIN",ASSOCIATE PROFESSOR,DIVISION OF CHEMICAL BIOLOGY,AND MEDICINAL CHEMISTRY,COLLEGE OF PHARMACY,UNIVERSITY OF TEXAS AT AUSTIN,"AUSTIN,    TX,    787121140",
ENVIRONMENTAL DETERMINANTS OF DISEASE STUDY SECTION ,EDD,11/2/2023,SEONGMIN,LEE,787121140,"LEE, SEONGMIN",ASSOCIATE PROFESSOR AND CHAIR,DEPARTMENT OF MEDICINE,COLLEGE OF PHARMACY,UNIVERSITY OF TEXAS,"AUSTIN,    TX,    787121140",,
INTEGRATIVE MYOCARDIAL PHYSIOLOGY/PATHOPHYSIOLOGY A STUDY SECTION ,MPPA,2/28/2024,,LI,77030,"LI, NA",ASSOCIATE PROFESSOR,DEPARTMENT OF MEDICINE,SECTION OF CARDIOVASCULAR RESEARCH,BAYLOR COLLEGE OF MEDICINE,"HOUSTON,    TX,    77030",,
INTEGRATIVE MYOCARDIAL PHYSIOLOGY/PATHOPHYSIOLOGY A STUDY SECTION ,MPPA,10/25/2023,,LI,77030,"LI, NA",ASSOCIATE PROFESSOR,SECTION OF CARDIOVASCULAR RESEARCH,DEPARTMENT OF MEDICINE,BAYLOR COLLEGE OF MEDICINE,"HOUSTON,    TX,    77030",,
"ARTHRITIS, CONNECTIVE TISSUE AND SKIN STUDY SECTION",ACTS,10/17/2023,WEI,LI,90033,"LI, WEI",PROFESSOR,DEPARTMENT OF DERMATOLOGY,NORRIS CANCER CENTER,UNIVERSITY OF SOUTHERN CALIFORNIA,"LOS ANGELES,    CA,    90033",,
MOLECULAR AND CELLULAR BIOLOGY OF VIRUS INFECTION STUDY SECTION,MCV,6/13/2024,CHANG,LIU,21205,"LIU, CHANG",ASSISTANT PROFESSOR,DEPARTMENT OF BIOPHYSICS AND BIOPHYSICAL CHEMISTRY,JOHNS HOPKINS UNIVERSITY SCHOOL OF MEDICINE,"BALTIMORE,    MD,    21205",,,
MOLECULAR AND CELLULAR BIOLOGY OF VIRUS INFECTION STUDY SECTION,MCV,3/7/2024,CHANG,LIU,21205,"LIU, CHANG",ASSISTANT PROFESSOR,DEPARTMENT OF BIOPHYSICS AND,BIOPHYSICAL CHEMISTRY,JOHNS HOPKINS UNIVERSITY SCHOOL OF MEDICINE,"BALTIMORE,    MD,    21205",,
MAXIMIZING INVESTIGATORS? RESEARCH AWARD C STUDY SECTION,MRAC,2/29/2024,JAIME,LOPEZ-MOSQUEDA,78712,"LOPEZ-MOSQUEDA, JAIME",ASSISTANT PROFESSOR,DEPARTMENT OF MOLECULAR BIOSCIENCES,UNIVERSITY OF TEXAS AT AUSTIN,"AUSTIN,    TX,    78712",,,
"TRANSPLANTATION, TOLERANCE, AND TUMOR IMMUNOLOGY STUDY SECTION",TTT,6/11/2024,RONGZE OLIVIA,LU,94143,"LU, RONGZE OLIVIA",ASSOCIATE PROFESSOR,DEPARTMENT OF NEUROLOGICAL SURGERY,"UNIVERSITY OF CALIFORNIA, SAN FRANCISCO","SAN FRANCISCO,    CA,    94143",,,
BASIC MECHANISMS OF CANCER HEALTH DISPARITIES STUDY SECTION,BMCD,6/25/2024,EVERARDO,MACIAS,27708,"MACIAS, EVERARDO",ASSISTANT PROFESSOR,DEPARTMENT OF PATHOLOGY,DUKE UNIVERSITY,"DURHAM,    NC,    27708",,,
"CELLULAR, MOLECULAR AND INTEGRATIVE REPRODUCTION STUDY SECTION",CMIR,2/6/2024,WINIFRED W,MAK,78229,"MAK, WINIFRED W",ASSOCIATE PROFESSOR,DIVISION OF REPRODUCTIVE ENDOCRINOLOGY,AND INFERTILITY,UNIVERSITY OF TEXAS HEALTH SCIENCE CENTER,"SAN ANTONIO,    TX,    78229",,
"BIOBEHAVIORAL REGULATION, LEARNING AND ETHOLOGY STUDY SECTION",BRLE,6/13/2024,REGINA A.,MANGIERI,78712,"MANGIERI, REGINA A.",ASSISTANT PROFESSOR,DIVISION OF PHARMACOLOGY AND TOXICOLOGY,COLLEGE OF PHARMACY,UNIVERSITY OF TEXAS AT AUSTIN,"AUSTIN,    TX,    78712",,
NEUROTOXICOLOGY AND ALCOHOL STUDY SECTION,NAL,10/10/2023,REGINA A.,MANGIERI,78712,"MANGIERI, REGINA A.",ASSISTANT PROFESSOR,DIVISION OF PHARMACOLOGY AND TOXICOLOGY,COLLEGE OF PHARMACY,UNIVERSITY OF TEXAS AT AUSTIN,"AUSTIN,    TX,    78712",,
"LEARNING, MEMORY AND DECISION NEUROSCIENCE STUDY SECTION",LMDN,6/13/2024,MICHAEL D,MAUK,78712,"MAUK, MICHAEL D",PROFESSOR,DEPARTMENT OF NEUROSCIENCE,"UNIVERSITY OF TEXAS, AUSTIN","AUSTIN,    TX,    78712",,,
CELLULAR AND MOLECULAR IMMUNOLOGY - A STUDY SECTION,CMIA,6/13/2024,JENNIFER A,MAYNARD,78712,"MAYNARD, JENNIFER A",PROFESSOR,DEPARTMENT OF CHEMICAL ENGINEERING,UNIVERSITY OF TEXAS AT AUSTIN,"AUSTIN,    TX,    78712",,,
CELLULAR AND MOLECULAR IMMUNOLOGY - A STUDY SECTION,CMIA,3/7/2024,JENNIFER A,MAYNARD,78712,"MAYNARD, JENNIFER A",PROFESSOR,DEPARTMENT OF CHEMICAL ENGINEERING,UNIVERSITY OF TEXAS AT AUSTIN,"AUSTIN,    TX,    78712",,,
CELLULAR AND MOLECULAR IMMUNOLOGY - A STUDY SECTION,CMIA,10/26/2023,JENNIFER A,MAYNARD,78712,"MAYNARD, JENNIFER A",PROFESSOR,DEPARTMENT OF CHEMICAL ENGINEERING,UNIVERSITY OF TEXAS AT AUSTIN,"AUSTIN,    TX,    78712",,,
CANCER ETIOLOGY STUDY SECTION,CE,6/21/2022,KYLE M,MILLER,78712,"MILLER, KYLE M",ASSOCIATE PROFESSOR,DEPARTMENT OF MOLECULAR BIOSCIENCES,UNIVERSITY OF TEXAS AT AUSTIN,"AUSTIN,    TX,    78712",,,
RADIATION THERAPEUTICS AND BIOLOGY STUDY SECTION,RTB,10/23/2023,KYLE M,MILLER,78712,"MILLER, KYLE M",BENJAMIN CLAYTON CENTENNIAL PROFESSORSHIP IN BIOCHEMISTRY,DEPARTMENT OF MOLECULAR BIOSCIENCES,INSTITUTE FOR CELLULAR AND MOLECULAR BIOLOGY,UNIVERSITY OF TEXAS AT AUSTIN,"AUSTIN,    TX,    78712",,
PATHOPHYSIOLOGICAL BASIS OF MENTAL DISORDERS AND ADDICTIONS STUDY SECTION,PMDA,5/29/2024,HITOSHI,MORIKAWA,78712,"MORIKAWA, HITOSHI",ASSOCIATE PROFESSOR,DEPARTMENT OF NEUROSCIENCE.,WAGGONER CENTER FOR ALCOHOL AND ADDICTION RESEARCH,UNIVERSITY OF TEXAS AT AUSTIN,"AUSTIN,    TX,    78712",,
PATHOPHYSIOLOGICAL BASIS OF MENTAL DISORDERS AND ADDICTIONS STUDY SECTION,PMDA,2/7/2024,HITOSHI,MORIKAWA,78712,"MORIKAWA, HITOSHI",ASSOCIATE PROFESSOR,DEPARTMENT OF NEUROSCIENCE.,WAGGONER CENTER FOR ALCOHOL AND ADDICTION RESEARCH,UNIVERSITY OF TEXAS AT AUSTIN,"AUSTIN,    TX,    78712",,
PATHOPHYSIOLOGICAL BASIS OF MENTAL DISORDERS AND ADDICTIONS STUDY SECTION,PMDA,9/27/2023,HITOSHI,MORIKAWA,78712,"MORIKAWA, HITOSHI",ASSOCIATE PROFESSOR,DEPARTMENT OF NEUROSCIENCE.,WAGGONER CENTER FOR ALCOHOL AND ADDICTION RESEARCH,UNIVERSITY OF TEXAS AT AUSTIN,"AUSTIN,    TX,    78712",,
NEUROBIOLOGY OF MOTIVATED BEHAVIOR STUDY SECTION,NMB,6/20/2024,LUIS ALBERTO,NATIVIDAD,78712,"NATIVIDAD, LUIS ALBERTO",ASSISTANT PROFESSOR,DEPARTMENT OF PHARMACOLOGY AND TOXICOLOGY,COLLEGE OF PHARMACY,THE UNIVERSITY OF TEXAS AT AUSTIN,"AUSTIN,    TX,    78712",,
MUSCULOSKELETAL REHABILITATION SCIENCES STUDY SECTION,MRS,2/8/2024,RICHARD R,NEPTUNE,787120292,"NEPTUNE, RICHARD R",PROFESSOR,WILLIAM AND BETTYE NOWLIN CHAIR IN ENGINEERING,DEPARTMENT OF MECHANICAL ENGINEERING,UNIVERSITY OF TEXAS AT AUSTIN,"AUSTIN,    TX,    787120292",,
BIODATA MANAGEMENT AND ANALYSIS STUDY SECTION,BDMA,2/22/2024,FRANCO,PESTILLI,78712,"PESTILLI, FRANCO",ASSOCIATE PROFESSOR,DEPARTMENT OF PSYCHOLOGY,THE UNIVERSITY OF TEXAS,"AUSTIN,    TX,    78712",,,
BIODATA MANAGEMENT AND ANALYSIS STUDY SECTION,BDMA,10/19/2023,FRANCO,PESTILLI,78712,"PESTILLI, FRANCO",ASSOCIATE PROFESSOR,DEPARTMENT OF PSYCHOLOGY,THE UNIVERSITY OF TEXAS,"AUSTIN,    TX,    78712",,,
"BIOBEHAVIORAL REGULATION, LEARNING AND ETHOLOGY STUDY SECTION",BRLE,10/17/2023,STEVEN M,PHELPS,78712,"PHELPS, STEVEN M",PROFESSOR,DEPARTMENT OF INTEGRATIVE BIOLOGY,THE UNIVERSITY OF TEXAS AT AUSTIN,"AUSTIN,    TX,    78712",,,
"LEARNING, MEMORY AND DECISION NEUROSCIENCE STUDY SECTION",LMDN,10/19/2023,JONATHAN THOMAS,PIERCE,78705,"PIERCE, JONATHAN THOMAS",ASSOCIATE PROFESSOR,DEPARTMENT OF NEUROSCIENCE,WAGGONER CENTER FOR ALCOHOL,AND ADDICTION RESEARCH,"THE UNIVERSITY OF TEXAS, AUSTIN","AUSTIN,    TX,    78705",
HEALTH PROMOTION IN COMMUNITIES STUDY SECTION,HPC,2/20/2024,MIGUEL,PINEDO,78712,"PINEDO, MIGUEL",ASSOCIATE PROFESSOR,DEPARTMENT OF KINESIOLOGY,AND HEALTH EDUCATION,UNIVERSITY OF TEXAS AT AUSTIN,"AUSTIN,    TX,    78712",,
IMAGING TECHNOLOGY DEVELOPMENT STUDY SECTION,ITD,2/22/2024,EMILY,PORTER,H4A3J1,"PORTER, EMILY",ASSISTANT PROFESSOR,DEPARTMENT OF BIOMEDICAL ENGINEERING,MCGILL UNIVERSITY,"MONTREAL,    QC,    H4A3J1",,,
"SOCIAL PSYCHOLOGY, PERSONALITY AND INTERPERSONAL PROCESSES STUDY SECTION",SPIP,10/19/2023,FRANK,PUGA,35294,"PUGA, FRANK",ASSISTANT PROFESSOR,"DEPARTMENT OF ACUTE, CHRONIC, AND CONTINUING CARE",SCHOOL OF NURSING,UNIVERSITY OF ALABAMA AT BIRMINGHAM,"BIRMINGHAM,    AL,    35294",,
IMAGING PROBES AND CONTRAST AGENTS STUDY SECTION,IPCA,10/12/2023,EMILY L,QUE,78712,"QUE, EMILY L",ASSISTANT PROFESSOR,DEPARTMENT OF CHEMISTRY,UNIVERSITY OF TEXAS AT AUSTIN,"AUSTIN,    TX,    78712",,,
LANGUAGE AND COMMUNICATION STUDY SECTION,LCOM,6/27/2024,DAVID G,QUINTO-POZOS,78712,"QUINTO-POZOS, DAVID G",PROFESSOR,DEPARTMENT OF LINGUISTICS,THE UNIVERSITY OF TEXAS AT AUSTIN,"AUSTIN,    TX,    78712",,,
BIOBEHAVIORAL MEDICINE AND HEALTH OUTCOMES STUDY SECTION,BMHO,6/3/2024,KAVITA,RADHAKRISHNAN,78712,"RADHAKRISHNAN, KAVITA",ASSOCIATE PROFESSOR,SCHOOL OF NURSING,UNIVERSITY OF TEXAS AUSTIN,"AUSTIN,    TX,    78712",,,
BIOBEHAVIORAL MEDICINE AND HEALTH OUTCOMES STUDY SECTION,BMHO,1/29/2024,KAVITA,RADHAKRISHNAN,78712,"RADHAKRISHNAN, KAVITA",ASSOCIATE PROFESSOR,SCHOOL OF NURSING,UNIVERSITY OF TEXAS AUSTIN,"AUSTIN,    TX,    78712",,,
BIOBEHAVIORAL MEDICINE AND HEALTH OUTCOMES STUDY SECTION,BMHO,10/3/2023,KAVITA,RADHAKRISHNAN,78712,"RADHAKRISHNAN, KAVITA",ASSOCIATE PROFESSOR,SCHOOL OF NURSING,UNIVERSITY OF TEXAS AUSTIN,"AUSTIN,    TX,    78712",,,
POPULATION BASED RESEARCH IN INFECTIOUS DISEASE STUDY SECTION,PRID,10/30/2023,KELLY RENEE,REVELES,78229,"REVELES, KELLY RENEE",ASSOCIATE PROFESSOR OF PHARMACOTHERAPY,COLLEGE OF PHARMACY,THE UNIVERSITY OF TEXAS AT AUSTIN,"SAN ANTONIO,    TX,    78229",,,
CLINICAL DATA MANAGEMENT AND ANALYSIS STUDY SECTION,CDMA,6/6/2024,JUSTIN FREDERICK,ROUSSEAU,75390,"ROUSSEAU, JUSTIN FREDERICK",ASSOCIATE PROFESSOR,DEPARTMENT OF NEUROLOGY,PETER O?DONNELL JR. BRAIN INSTITUTE,UT SOUTHWESTERN MEDICAL CENTER,"DALLAS,    TX,    75390",,
CLINICAL DATA MANAGEMENT AND ANALYSIS STUDY SECTION,CDMA,2/22/2024,JUSTIN FREDERICK,ROUSSEAU,75390,"ROUSSEAU, JUSTIN FREDERICK",ASSOCIATE PROFESSOR,DEPARTMENT OF NEUROLOGY,O'DONNELL BRAIN INSTITUTE,"DALLAS,    TX,    75390",,,
ENABLING BIOANALYTICAL AND IMAGING TECHNOLOGIES STUDY SECTION,EBIT,10/5/2023,DEVLEENA,SAMANTA,78712,"SAMANTA, DEVLEENA",ASSISTANT PROFESSOR,DEPARTMENT OF CHEMISTRY,UNIVERSITY OF TEXAS AT AUSTIN,"AUSTIN,    TX,    78712",,,
ENABLING BIOANALYTICAL AND IMAGING TECHNOLOGIES STUDY SECTION,EBIT,10/5/2023,DEVLEENA,SAMANTA,78712,"SAMANTA, DEVLEENA",ASSISTANT PROFESSOR,DEPARTMENT OF CHEMISTRY,UNIVERSITY OF TEXAS AT AUSTIN,"AUSTIN,    TX,    78712",,,
ENABLING BIOANALYTICAL AND IMAGING TECHNOLOGIES STUDY SECTION,EBIT,6/20/2024,LIVIA,SCHIAVINATO EBERLIN,77030,"SCHIAVINATO EBERLIN, LIVIA",ASSOCIATE PROFESSOR,DEPARTMENT OF SURGERY,BAYLOR COLLEGE OF MEDICINE,"HOUSTON,    TX,    77030",,,
HEALTHCARE AND HEALTH DISPARITIES STUDY SECTION,HHD,6/20/2024,PHILLIP W,SCHNARRS,78249,"SCHNARRS, PHILLIP W",ASSOCIATE PROFESSOR,DEPARTMENT OF POPULATION HEALTH,DIVISION OF COMMUNITY ENGAGEMENT AND HEALTH EQUITY,DELL MED SCHOOL/ THE UNIVERSITY OF TEXAS AT AUSTIN,"SAN ANTONIO,    TX,    78249",,
"BIOENGINEERING OF NEUROSCIENCE, VISION AND LOW VISION TECHNOLOGIES STUDY SECTION",BNVT,6/20/2024,STEPHANIE KRISTIN,SEIDLITS,78712,"SEIDLITS, STEPHANIE KRISTIN",ASSOCIATE PROFESSOR,DEPARTMENT OF BIOMEDICAL ENGINEERING,"UNIVERSITY OF TEXAS, AUSTIN","AUSTIN,    TX,    78712",,,
"BIOENGINEERING OF NEUROSCIENCE, VISION AND LOW VISION TECHNOLOGIES STUDY SECTION",BNVT,3/7/2024,STEPHANIE KRISTIN,SEIDLITS,78712,"SEIDLITS, STEPHANIE KRISTIN",ASSOCIATE PROFESSOR,DEPARTMENT OF BIOMEDICAL ENGINEERING,"UNIVERSITY OF TEXAS, AUSTIN","AUSTIN,    TX,    78712",,,
"BIOENGINEERING OF NEUROSCIENCE, VISION AND LOW VISION TECHNOLOGIES STUDY SECTION",BNVT,10/19/2023,STEPHANIE KRISTIN,SEIDLITS,78712,"SEIDLITS, STEPHANIE KRISTIN",ASSOCIATE PROFESSOR,DEPARTMENT OF BIOMEDICAL ENGINEERING,"UNIVERSITY OF TEXAS, AUSTIN","AUSTIN,    TX,    78712",,,
MAXIMIZING INVESTIGATORS' RESEARCH AWARD - E STUDY SECTION,MRAE,6/20/2024,JEANNE CASSTEVENS,STACHOWIAK,78712,"STACHOWIAK, JEANNE CASSTEVENS",PROFESSOR,DEPARTMENT OF CHEMICAL ENGINEERING,DEPARTMENT OF BIOMEDICAL ENGINEERING,THE UNIVERSITY OF TEXAS AT AUSTIN,"AUSTIN,    TX,    78712",,
MAXIMIZING INVESTIGATORS' RESEARCH AWARD - E STUDY SECTION,MRAE,3/5/2024,JEANNE CASSTEVENS,STACHOWIAK,78712,"STACHOWIAK, JEANNE CASSTEVENS",PROFESSOR,DEPARTMENT OF CHEMICAL ENGINEERING,DEPARTMENT OF BIOMEDICAL ENGINEERING,THE UNIVERSITY OF TEXAS AT AUSTIN,"AUSTIN,    TX,    78712",,
MAXIMIZING INVESTIGATORS' RESEARCH AWARD - E STUDY SECTION,MRAE,10/17/2023,JEANNE CASSTEVENS,STACHOWIAK,78712,"STACHOWIAK, JEANNE CASSTEVENS",PROFESSOR,DEPARTMENT OF CHEMICAL ENGINEERING,DEPARTMENT OF BIOMEDICAL ENGINEERING,THE UNIVERSITY OF TEXAS AT AUSTIN,"AUSTIN,    TX,    78712",,
"ORAL, DENTAL AND CRANIOFACIAL SCIENCES STUDY SECTION",ODCS,6/27/2024,APOLLO,STACY,44195,"STACY, APOLLO",ASSISTANT PROFESSOR,DEPARTMENT OF MOLECULAR MEDICINE,CLEVELAND CLINIC,LERNER COLLEGE OF MEDICINE,"CLEVELAND,    OH,    44195",,
"SOCIAL PSYCHOLOGY, PERSONALITY AND INTERPERSONAL PROCESSES STUDY SECTION",SPIP,10/19/2023,ADELA,TIMMONS,78712,"TIMMONS, ADELA",ASSISTANT PROFESSOR,DEPARTMENT OF PSYCHOLOGY,COLLEGE OF LIBERAL ARTS,UNIVERSITY OF TEXAS,"AUSTIN,    TX,    78712",,
MECHANISMS OF CANCER THERAPEUTICS C STUDY SECTION ,MCTC,10/26/2023,STEFANO,TIZIANI,78723,"TIZIANI, STEFANO",ASSOCIATE PROFESSOR,DEPARTMENT OF NUTRITIONAL SCIENCES,DELL PEDIATRIC RESEARCH INSTITUTE,DELL MEDICAL SCHOOL,UNIVERSITY OF TEXAS AT AUSTIN,"AUSTIN,    TX,    78723",
KIDNEY AND UROLOGICAL SYSTEMS FUNCTION AND DYSFUNCTION STUDY SECTION,KUFD,6/13/2024,STEPHEN,WALKER,27101,"WALKER, STEPHEN",ASSOCIATE PROFESSOR,INSTITUTE FOR REGENERATIVE MEDICINE,SCHOOL OF MEDICINE,WAKE FOREST UNIVERSITY,"WINSTON-SALEM,    NC,    27101",,
KIDNEY AND UROLOGICAL SYSTEMS FUNCTION AND DYSFUNCTION STUDY SECTION,KUFD,2/14/2024,STEPHEN,WALKER,27101,"WALKER, STEPHEN",ASSOCIATE PROFESSOR,INSTITUTE FOR REGENERATIVE MEDICINE,SCHOOL OF MEDICINE,WAKE FOREST UNIVERSITY,"WINSTON-SALEM,    NC,    27101",,
KIDNEY AND UROLOGICAL SYSTEMS FUNCTION AND DYSFUNCTION STUDY SECTION,KUFD,10/12/2023,STEPHEN,WALKER,27101,"WALKER, STEPHEN",ASSOCIATE PROFESSOR,INSTITUTE FOR REGENERATIVE MEDICINE,SCHOOL OF MEDICINE,WAKE FOREST UNIVERSITY,"WINSTON-SALEM,    NC,    27101",,
NEUROTOXICOLOGY AND ALCOHOL STUDY SECTION,NAL,10/10/2023,JUN,WANG,77807,"WANG, JUN",ASSOCIATE PROFESSOR,DEPARTMENT OF NEUROSCIENCE AND EXPERIMENTAL,THERAPEUTICS,COLLEGE OF MEDICINE,TEXAS A&M UNIVERSITY HEALTH SCIENCE CENTER,"BRYAN,    TX,    77807",
"NEURODIFFERENTIATION, PLASTICITY, REGENERATION AND RHYTHMICITY STUDY SECTION",NDPR,2/26/2024,JUN,WANG,10029,"WANG, JUN",ASSOCIATE PROFESSOR,DEPARTMENT OF NEUROLOGY,ICAHN SCHOOL OF MEDICINE AT MOUNT SINAI,"NEW YORK,    NY,    10029",,,
PATHOPHYSIOLOGICAL BASIS OF MENTAL DISORDERS AND ADDICTIONS STUDY SECTION,PMDA,2/7/2024,JUN,WANG,77807,"WANG, JUN",ASSOCIATE PROFESSOR,DEPARTMENT OF NEUROSCIENCE AND EXPERIMENTAL,THERAPEUTICS,COLLEGE OF MEDICINE,TEXAS A&M UNIVERSITY HEALTH SCIENCE CENTER,"BRYAN,    TX,    77807",
HIV/AIDS INTRA- AND INTER-PERSONAL DETERMINANTS AND BEHAVIORAL INTERVENTIONS STUDY SECTION,HIBI,11/8/2023,YAN,WANG,32610,"WANG, YAN",ASSISTANT PROFESSOR,DEPARTMENT OF EPIDEMIOLOGY,UNIVERSITY OF FLORIDA,"GAINSVILLE,    FL,    32610",,,
"ORAL, DENTAL AND CRANIOFACIAL SCIENCES STUDY SECTION",ODCS,6/27/2024,YAN,WANG,90095,"WANG, YAN",ADJUNCT ASSISTANT PROFESSOR,SECTION OF PUBLIC AND POPULATION HEALTH,SCHOOL OF DENTISTRY,"UNIVERSITY OF CALIFORNIA, LOS ANGELES","LOS ANGELES,    CA,    90095",,
SOCIAL SCIENCES AND POPULATION STUDIES B STUDY SECTION,SSPB,6/13/2024,ABIGAIL MAE,WEITZMAN,78712,"WEITZMAN, ABIGAIL MAE",ASSOCIATE PROFESSOR,DEPARTMENT OF SOCIOLOGY,UNIVERSITY OF TEXAS AT AUSTIN,"AUSTIN,    TX,    78712",,,
LIFESTYLE CHANGE AND BEHAVIORAL HEALTH STUDY SECTION,LCBH,2/15/2024,ELIZABETH MARIE,WIDEN,78712,"WIDEN, ELIZABETH MARIE",ASSISTANT PROFESSOR,DEPARTMENT OF NUTRITIONAL SCIENCES,SCHOOL OF HUMAN ECOLOGY,THE UNIVERSITY OF TEXAS AT AUSTIN,"AUSTIN,    TX,    78712",,
GENETIC VARIATION AND EVOLUTION STUDY SECTION,GVE,6/17/2024,CLAUS O,WILKE,78712,"WILKE, CLAUS O",PROFESSOR,DEPARTMENT OF INTEGRATIVE BIOLOGY,THE UNIVERSITY OF TEXAS AT AUSTIN,"AUSTIN,    TX,    78712",,,
GENETIC VARIATION AND EVOLUTION STUDY SECTION,GVE,2/15/2024,CLAUS O,WILKE,78712,"WILKE, CLAUS O",PROFESSOR,DEPARTMENT OF INTEGRATIVE BIOLOGY,THE UNIVERSITY OF TEXAS AT AUSTIN,"AUSTIN,    TX,    78712",,,
GENETIC VARIATION AND EVOLUTION STUDY SECTION,GVE,10/19/2023,CLAUS O,WILKE,78712,"WILKE, CLAUS O",PROFESSOR,DEPARTMENT OF INTEGRATIVE BIOLOGY,THE UNIVERSITY OF TEXAS AT AUSTIN,"AUSTIN,    TX,    78712",,,
ENVIRONMENTAL DETERMINANTS OF DISEASE STUDY SECTION ,EDD,2/8/2024,CASEY W,WRIGHT,77555,"WRIGHT, CASEY W",ASSOCIATE PROFESSOR,DEPARTMENT OF PHARMACOLOGY AND TOXICOLOGY,UNIVERSITY OF TEXAS MEDICAL BRANCH,"GALVESTON,    TX,    77555",,,
MOLECULAR GENETICS STUDY SECTION,MG,10/26/2023,KUN,YANG,78712,"YANG, KUN",ASSISTANT PROFESSOR,DEPARTMENT OF CHEMICAL BIOLOGY,AND MEDICINAL CHEMISTRY,UNIVERSITY OF TEXAS AT AUSTIN,"AUSTIN,    TX,    78712",,
CHEMICAL SYNTHESIS AND BIOSYNTHESIS STUDY SECTION,CSB,6/27/2024,MICHAEL C,YOUNG,43606,"YOUNG, MICHAEL C",ASSOCIATE PROFESSOR,DEPARTMENT OF CHEMISTRY AND BIOCHEMISTRY,"TOLEDO,    OH,    43606",,,,
MACROMOLECULAR STRUCTURE AND FUNCTION A STUDY SECTION,MSFA,5/29/2024,YAN JESSIE,ZHANG,78712,"ZHANG, YAN JESSIE",PROFESSOR,DEPARTMENT OF MOLECULAR BIOSCIENCES,UNIVERSITY OF TEXAS-AUSTIN,"AUSTIN,    TX,    78712",,,
MACROMOLECULAR STRUCTURE AND FUNCTION A STUDY SECTION,MSFA,2/27/2024,YAN JESSIE,ZHANG,78712,"ZHANG, YAN JESSIE",PROFESSOR,DEPARTMENT OF MOLECULAR BIOSCIENCES,UNIVERSITY OF TEXAS-AUSTIN,"AUSTIN,    TX,    78712",,,
MACROMOLECULAR STRUCTURE AND FUNCTION A STUDY SECTION,MSFA,10/3/2023,YAN JESSIE,ZHANG,78712,"ZHANG, YAN JESSIE",PROFESSOR,DEPARTMENT OF MOLECULAR BIOSCIENCES,UNIVERSITY OF TEXAS-AUSTIN,"AUSTIN,    TX,    78712",,,
"CELLULAR, MOLECULAR AND INTEGRATIVE REPRODUCTION STUDY SECTION",CMIR,9/28/2023,ZHAO,ZHANG,27710,"ZHANG, ZHAO",ASSISTANT PROFESSOR,DEPARTMENT OF PHARMACOLOGY AND CANCER BIOLOGY,DUKE UNIVERSITY SCHOOL OF MEDICINE,"DURHAM,    NC,    27710",,,
AUDITORY SYSTEM STUDY SECTION,AUD,2/12/2024,YI,ZHOU,85281,"ZHOU, YI",ASSOCIATE PROFESSOR,DEPARTMENT OF SPEECH AND HEARING SCIENCE,ARIZONA STATE UNIVERSITY,"TEMPE,    AZ,    85281",,,
