Section Name,Section Abbreviation,Date,Name,Name_original,Lastname,First_and_middle,Firstname,Date_original,Affiliation,Zipcode
ADULT PSYCHOPATHOLOGY AND DISORDERS OF AGING STUDY SECTION,APDA,06/07/21,"SCHNYER, DAVID M","SCHNYER, DAVID M, PHD*",SCHNYER,DAVID M,DAVID,06/07/21 - 06/08/21,"PROFESSOR, DEPARTMENT OF PSYCHOLOGY AND NEUROSCIENCE, UNIVERSITY OF TEXAS, AUSTIN, AUSTIN, TX, 78712",78712
ADULT PSYCHOPATHOLOGY AND DISORDERS OF AGING STUDY SECTION,APDA,10/21/21,"CISLER, JOSHUA M","CISLER, JOSHUA M, PHD*",CISLER,JOSHUA M,JOSHUA,10/21/21 - 10/22/21,"ASSOCIATE PROFESSOR, DEPARTMENT OF PSYCHIATRY AND BEHAVIORAL SCIENCES, DELL MEDICAL SCHOOL, THE UNIVERSITY OF TEXAS AT AUSTIN, AUSTIN, TX, 78705",78705
ADULT PSYCHOPATHOLOGY AND DISORDERS OF AGING STUDY SECTION,APDA,06/20/24,"LIPPARD, ELIZABETH","LIPPARD, ELIZABETH, PHD",LIPPARD,ELIZABETH,ELIZABETH,6/20/2024,"ASSISTANT PROFESSOR, DEPARTMENT OF PSYCHIATRY AND, BEHAVIORAL SCIENCES, DELL MEDICAL SCHOOL, THE UNIVERSITY OF TEXAS AT AUSTIN, AUSTIN,       TX,       78712",78712
ADDICTION RISKS AND MECHANISMS STUDY SECTION,ARM,10/24/22,"LIPPARD, ELIZABETH THOMAS COX","LIPPARD, ELIZABETH THOMAS COX,  PHD*",LIPPARD,ELIZABETH THOMAS COX,ELIZABETH,10/24/2022,"ASSISTANT PROFESSOR, DEPARTMENT OF PSYCHIATRY AND, BEHAVIORAL SCIENCES, DELL MEDICAL SCHOOL, THE UNIVERSITY OF TEXAS AT AUSTIN, AUSTIN, TX, 78712",78712
AGING SYSTEMS AND GERIATRICS STUDY SECTION,ASG,06/17/21,"PEREZ, ADRIANA","PEREZ, ADRIANA, PHD",PEREZ,ADRIANA,ADRIANA,06/17/21 - 06/18/21,"PROFESSOR, DEPARTMENT OF BIOSTATISTICS AND DATA SCIENCE, SCHOOL OF PUBLIC HEALTH, UNIVERSITY OF TEXAS HEALTH SCIENCE CENTER, HOUSTON, AUSTIN, TX, 78701",78701
AGING SYSTEMS AND GERIATRICS STUDY SECTION,ASG,10/21/21,"PEREZ, ADRIANA","PEREZ, ADRIANA, PHD",PEREZ,ADRIANA,ADRIANA,10/21/21 - 10/22/21,"PROFESSOR, DEPARTMENT OF BIOSTATISTICS AND DATA SCIENCE, SCHOOL OF PUBLIC HEALTH, UNIVERSITY OF TEXAS HEALTH SCIENCE CENTER, HOUSTON, AUSTIN, TX, 78701",78701
AGING SYSTEMS AND GERIATRICS STUDY SECTION,ASG,06/09/22,"PEREZ, ADRIANA","PEREZ, ADRIANA,  PHD",PEREZ,ADRIANA,ADRIANA,06/09/22 -,"PROFESSOR, DEPARTMENT OF BIOSTATISTICS AND DATA SCIENCE, SCHOOL OF PUBLIC HEALTH, UNIVERSITY OF TEXAS HEALTH SCIENCE CENTER,  HOUSTON, AUSTIN, TX, 78701",78701
AGING SYSTEMS AND GERIATRICS STUDY SECTION,ASG,10/13/22,"PEREZ, ADRIANA","PEREZ, ADRIANA,  PHD",PEREZ,ADRIANA,ADRIANA,10/13/22 -,"PROFESSOR, DEPARTMENT OF BIOSTATISTICS AND DATA SCIENCE, SCHOOL OF PUBLIC HEALTH, UNIVERSITY OF TEXAS HEALTH SCIENCE CENTER,  HOUSTON, AUSTIN, TX, 78701",78701
AGING SYSTEMS AND GERIATRICS STUDY SECTION,ASG,02/16/23,"PEREZ, ADRIANA","PEREZ, ADRIANA,  PHD",PEREZ,ADRIANA,ADRIANA,2/16/2023,"PROFESSOR, DEPARTMENT OF BIOSTATISTICS AND DATA SCIENCE, SCHOOL OF PUBLIC HEALTH, UNIVERSITY OF TEXAS HEALTH SCIENCE CENTER, AT HOUSTON, AUSTIN, TX, 78701",78701
AGING SYSTEMS AND GERIATRICS STUDY SECTION,ASG,06/08/23,"PEREZ, ADRIANA","PEREZ, ADRIANA,  PHD",PEREZ,ADRIANA,ADRIANA,6/8/2023,"PROFESSOR, DEPARTMENT OF BIOSTATISTICS AND DATA SCIENCE, SCHOOL OF PUBLIC HEALTH, UNIVERSITY OF TEXAS HEALTH SCIENCE CENTER, AT HOUSTON, AUSTIN, TX, 78701",78701
ANALYTICS AND STATISTICS FOR POPULATION RESEARCH PANEL B STUDY SECTION,ASPB,10/20/22,"CALDER, CATHERINE A","CALDER, CATHERINE A,  PHD",CALDER,CATHERINE A,CATHERINE,10/20/22 -,"PROFESSOR AND CHAIR, DEPARTMENT OF STATISTICS AND DATA SCIENCES, COLLEGE OF NATURAL SCIENCES, THE UNIVERSITY OF TEXAS AT AUSTIN, AUSTIN, TX, 78712",78712
ANALYTICS AND STATISTICS FOR POPULATION RESEARCH PANEL B STUDY SECTION,ASPB,10/20/22,"RATHOUZ, PAUL JOSEPH","RATHOUZ, PAUL JOSEPH,  PHD",RATHOUZ,PAUL JOSEPH,PAUL,10/20/22 -,"PROFESSOR, DEPARTMENT OF POPULATION HEALTH, DELL MEDICAL SCHOOL, UNIVERSITY OF TEXAS AT AUSTIN, AUSTIN, TX, 78712",78712
ANALYTICS AND STATISTICS FOR POPULATION RESEARCH PANEL B STUDY SECTION,ASPB,02/22/23,"CALDER, CATHERINE A","CALDER, CATHERINE A,  PHD",CALDER,CATHERINE A,CATHERINE,2/22/2023,"PROFESSOR AND CHAIR, DEPARTMENT OF STATISTICS AND DATA SCIENCES, COLLEGE OF NATURAL SCIENCES, THE UNIVERSITY OF TEXAS AT AUSTIN, AUSTIN, TX, 78712",78712
ANALYTICS AND STATISTICS FOR POPULATION RESEARCH PANEL B STUDY SECTION,ASPB,02/22/23,"RATHOUZ, PAUL JOSEPH","RATHOUZ, PAUL JOSEPH,  PHD",RATHOUZ,PAUL JOSEPH,PAUL,2/22/2023,"PROFESSOR, DEPARTMENT OF POPULATION HEALTH, DELL MEDICAL SCHOOL, UNIVERSITY OF TEXAS AT AUSTIN, AUSTIN, TX, 78712",78712
ANALYTICS AND STATISTICS FOR POPULATION RESEARCH PANEL B STUDY SECTION,ASPB,06/06/23,"CALDER, CATHERINE A","CALDER, CATHERINE A,  PHD",CALDER,CATHERINE A,CATHERINE,6/6/2023,"PROFESSOR AND CHAIR, DEPARTMENT OF STATISTICS AND DATA SCIENCES, COLLEGE OF NATURAL SCIENCES, THE UNIVERSITY OF TEXAS AT AUSTIN, AUSTIN, TX, 78712",78712
ANALYTICS AND STATISTICS FOR POPULATION RESEARCH PANEL B STUDY SECTION,ASPB,11/14/23,"CALDER, CATHERINE A","CALDER, CATHERINE  A, PHD",CALDER,CATHERINE A,CATHERINE,11/14/2023,"PROFESSOR AND CHAIR, DEPARTMENT OF STATISTICS AND DATA SCIENCES, COLLEGE OF NATURAL SCIENCES, THE UNIVERSITY OF TEXAS AT AUSTIN, AUSTIN,       TX,       78712",78712
ANALYTICS AND STATISTICS FOR POPULATION RESEARCH PANEL B STUDY SECTION,ASPB,11/14/23,"RATHOUZ, PAUL JOSEPH","RATHOUZ, PAUL JOSEPH,  PHD",RATHOUZ,PAUL JOSEPH,PAUL,11/14/2023,"PROFESSOR, DEPARTMENT OF POPULATION HEALTH, DELL MEDICAL SCHOOL, UNIVERSITY OF TEXAS AT AUSTIN, AUSTIN,       TX,       78712",78712
ANALYTICS AND STATISTICS FOR POPULATION RESEARCH PANEL B STUDY SECTION,ASPB,02/12/24,"CALDER, CATHERINE A","CALDER, CATHERINE  A, PHD",CALDER,CATHERINE A,CATHERINE,2/12/2024,"PROFESSOR AND CHAIR, DEPARTMENT OF STATISTICS AND DATA SCIENCES, COLLEGE OF NATURAL SCIENCES, THE UNIVERSITY OF TEXAS AT AUSTIN, AUSTIN,       TX,       78712",78712
ANALYTICS AND STATISTICS FOR POPULATION RESEARCH PANEL B STUDY SECTION,ASPB,02/12/24,"RATHOUZ, PAUL JOSEPH","RATHOUZ, PAUL JOSEPH,  PHD",RATHOUZ,PAUL JOSEPH,PAUL,2/12/2024,"PROFESSOR, DEPARTMENT OF POPULATION HEALTH, DELL MEDICAL SCHOOL, UNIVERSITY OF TEXAS AT AUSTIN, AUSTIN,       TX,       78712",78712
ANALYTICS AND STATISTICS FOR POPULATION RESEARCH PANEL B STUDY SECTION,ASPB,07/16/24,"CALDER, CATHERINE A","CALDER, CATHERINE  A, PHD",CALDER,CATHERINE A,CATHERINE,7/16/2024,"PROFESSOR AND CHAIR, DEPARTMENT OF STATISTICS AND DATA SCIENCES, COLLEGE OF NATURAL SCIENCES, THE UNIVERSITY OF TEXAS AT AUSTIN, AUSTIN,       TX,       78712",78712
ANALYTICS AND STATISTICS FOR POPULATION RESEARCH PANEL B STUDY SECTION,ASPB,07/16/24,"RATHOUZ, PAUL JOSEPH","RATHOUZ, PAUL JOSEPH,  PHD",RATHOUZ,PAUL JOSEPH,PAUL,7/16/2024,"PROFESSOR, DEPARTMENT OF POPULATION HEALTH, BIOMEDICAL DATA SCIENCE HUB, DELL MEDICAL SCHOOL, UNIVERSITY OF TEXAS AT AUSTIN, AUSTIN,       TX,       78712",78712
AUDITORY SYSTEM STUDY SECTION,AUD,06/09/22,"SMITH, SPENCER","SMITH, SPENCER,  PHD*",SMITH,SPENCER,SPENCER,06/09/22 -,"ASSISTANT PROFESSOR, DEPARTMENT OF SPEECH,  LANGUAGE, AND HEARING SCIENCES, THE UNIVERSITY OF TEXAS,  AUSTIN, AUSTIN, TX, 78712",78712
"BASIC BIOLOGY OF BLOOD, HEART AND VASCULATURE STUDY SECTION",BBHV,02/15/22,"BAKER, AARON BLAIR","BAKER, AARON BLAIR, PHD*",BAKER,AARON BLAIR,AARON,02/15/22 - 02/16/22,"PROFESSOR, DEPARTMENT OF BIOMEDICAL ENGINEERING, COCKRELL SCHOOL OF ENGINEERING, THE UNIVERSITY OF TEXAS AT AUSTIN, AUSTIN, TX, 78712",78712
BIOCHEMISTRY AND BIOPHYSICS OF MEMBRANES STUDY SECTION,BBM,09/30/21,"BAIZ, CARLOS RAUL","BAIZ, CARLOS RAUL, PHD",BAIZ,CARLOS RAUL,CARLOS,09/30/21 - 10/01/21,"ASSOCIATE PROFESSOR, DEPARTMENT OF CHEMISTRY, UNIVERSITY OF TEXAS AT AUSTIN, AUSTIN, TX, 78712",78712
BIOCHEMISTRY AND BIOPHYSICS OF MEMBRANES STUDY SECTION,BBM,02/02/22,"BAIZ, CARLOS RAUL","BAIZ, CARLOS RAUL, PHD",BAIZ,CARLOS RAUL,CARLOS,02/02/22 - 02/03/22,"ASSOCIATE PROFESSOR, DEPARTMENT OF CHEMISTRY, UNIVERSITY OF TEXAS AT AUSTIN, AUSTIN, TX, 78712",78712
BIOCHEMISTRY AND BIOPHYSICS OF MEMBRANES STUDY SECTION,BBM,06/02/22,"BAIZ, CARLOS RAUL","BAIZ, CARLOS RAUL,  PHD",BAIZ,CARLOS RAUL,CARLOS,06/02/22 -,"ASSOCIATE PROFESSOR, DEPARTMENT OF CHEMISTRY, UNIVERSITY OF TEXAS AT AUSTIN, AUSTIN, TX, 78712",78712
BIOCHEMISTRY AND BIOPHYSICS OF MEMBRANES STUDY SECTION,BBM,01/31/23,"BAIZ, CARLOS RAUL","BAIZ, CARLOS RAUL,  PHD",BAIZ,CARLOS RAUL,CARLOS,1/31/2023,"ASSOCIATE PROFESSOR, DEPARTMENT OF CHEMISTRY, UNIVERSITY OF TEXAS AT AUSTIN, AUSTIN, TX, 78712",78712
BIOCHEMISTRY AND BIOPHYSICS OF MEMBRANES STUDY SECTION,BBM,06/06/23,"BAIZ, CARLOS RAUL","BAIZ, CARLOS RAUL,  PHD",BAIZ,CARLOS RAUL,CARLOS,6/6/2023,"ASSOCIATE PROFESSOR, DEPARTMENT OF CHEMISTRY, UNIVERSITY OF TEXAS AT AUSTIN, AUSTIN, TX, 78712",78712
BIOCHEMISTRY AND BIOPHYSICS OF MEMBRANES STUDY SECTION,BBM,10/12/23,"BAIZ, CARLOS RAUL","BAIZ, CARLOS  RAUL, PHD",BAIZ,CARLOS RAUL,CARLOS,10/12/2023,"ASSOCIATE PROFESSOR, DEPARTMENT OF CHEMISTRY, UNIVERSITY OF TEXAS AT AUSTIN, AUSTIN,       TX,       78712",78712
BIOCHEMISTRY AND BIOPHYSICS OF MEMBRANES STUDY SECTION,BBM,02/22/24,"BAIZ, CARLOS RAUL","BAIZ, CARLOS  RAUL, PHD",BAIZ,CARLOS RAUL,CARLOS,2/22/2024,"ASSOCIATE PROFESSOR, DEPARTMENT OF CHEMISTRY, UNIVERSITY OF TEXAS AT AUSTIN, AUSTIN,       TX,       78712",78712
BIOCHEMISTRY AND BIOPHYSICS OF MEMBRANES STUDY SECTION,BBM,02/22/24,"JARA OSEGUERA, ANDRES","JARA OSEGUERA, ANDRES, DSC",JARA OSEGUERA,ANDRES,ANDRES,2/22/2024,"ASSISTANT PROFESSOR, DEPARTMENT OF MOLECULAR SCIENCES, UNIVERSITY OF TEXAS AUSTIN, AUSTIN,       TX,       78712",78712
BIOLOGY AND DEVELOPMENT OF THE EYE STUDY SECTION,BDE,10/17/22,"GROSS, JEFFREY","GROSS, JEFFREY,  PHD",GROSS,JEFFREY,JEFFREY,10/17/22 -,"PROFESSOR AND CHAIR, DEPARTMENT OF MOLECULAR BIOSCIENCES, THE UNIVERSITY OF TEXAS,  AUSTIN, AUSTIN, TX, 78712",78712
BIOLOGY AND DEVELOPMENT OF THE EYE STUDY SECTION,BDE,02/09/23,"GROSS, JEFFREY","GROSS, JEFFREY,  PHD",GROSS,JEFFREY,JEFFREY,2/9/2023,"PROFESSOR AND CHAIR, DEPARTMENT OF MOLECULAR BIOSCIENCES, THE UNIVERSITY OF TEXAS AT AUSTIN, AUSTIN, TX, 78712",78712
BIOLOGY AND DEVELOPMENT OF THE EYE STUDY SECTION,BDE,06/08/23,"GROSS, JEFFREY","GROSS, JEFFREY,  PHD",GROSS,JEFFREY,JEFFREY,6/8/2023,"PROFESSOR AND CHAIR, DEPARTMENT OF MOLECULAR BIOSCIENCES, THE UNIVERSITY OF TEXAS AT AUSTIN, AUSTIN, TX, 78712",78712
BIOLOGY AND DEVELOPMENT OF THE EYE STUDY SECTION,BDE,10/17/23,"GROSS, JEFFREY","GROSS, JEFFREY, PHD",GROSS,JEFFREY,JEFFREY,10/17/2023,"PROFESSOR AND CHAIR, DEPARTMENT OF MOLECULAR BIOSCIENCES, THE UNIVERSITY OF TEXAS AT AUSTIN, AUSTIN,       TX,       78712",78712
BIOLOGY AND DEVELOPMENT OF THE EYE STUDY SECTION,BDE,02/15/24,"GROSS, JEFFREY","GROSS, JEFFREY, PHD",GROSS,JEFFREY,JEFFREY,2/15/2024,"PROFESSOR AND CHAIR, DEPARTMENT OF MOLECULAR BIOSCIENCES, THE UNIVERSITY OF TEXAS AT AUSTIN, AUSTIN,       TX,       78712",78712
BIOLOGY AND DEVELOPMENT OF THE EYE STUDY SECTION,BDE,06/12/24,"GROSS, JEFFREY","GROSS, JEFFREY, PHD",GROSS,JEFFREY,JEFFREY,6/12/2024,"PROFESSOR AND CHAIR, DEPARTMENT OF MOLECULAR BIOSCIENCES, THE UNIVERSITY OF TEXAS AT AUSTIN, AUSTIN,       TX,       78712",78712
BIODATA MANAGEMENT AND ANALYSIS STUDY SECTION,BDMA,10/19/23,"PESTILLI, FRANCO","PESTILLI, FRANCO, PHD",PESTILLI,FRANCO,FRANCO,10/19/2023,"ASSOCIATE PROFESSOR, DEPARTMENT OF PSYCHOLOGY, THE UNIVERSITY OF TEXAS, AUSTIN,       TX,       78712",78712
BIODATA MANAGEMENT AND ANALYSIS STUDY SECTION,BDMA,02/22/24,"PESTILLI, FRANCO","PESTILLI, FRANCO, PHD",PESTILLI,FRANCO,FRANCO,2/22/2024,"ASSOCIATE PROFESSOR, DEPARTMENT OF PSYCHOLOGY, THE UNIVERSITY OF TEXAS, AUSTIN,       TX,       78712",78712
BACTERIAL-HOST INTERACTIONS STUDY SECTION ,BHI,11/02/23,"CAMBRONNE, ERIC D","CAMBRONNE, ERIC  D, PHD",CAMBRONNE,ERIC D,ERIC,11/2/2023,"ASSOCIATE PROFESSOR, MOLECULAR BIOSCIENCES, THE UNIVERSITY OF TEXAS AT AUSTIN, AUSTIN,       TX,       78705",78705
BIOBEHAVIORAL MEDICINE AND HEALTH OUTCOMES STUDY SECTION,BMHO,10/04/21,"RADHAKRISHNAN, KAVITA","RADHAKRISHNAN, KAVITA, PHD*",RADHAKRISHNAN,KAVITA,KAVITA,10/04/21 - 10/05/21,"ASSOCIATE PROFESSOR, SCHOOL OF NURSING, UNIVERSITY OF TEXAS AUSTIN, AUSTIN, TX, 78712",78712
BIOBEHAVIORAL MEDICINE AND HEALTH OUTCOMES STUDY SECTION,BMHO,06/06/22,"RADHAKRISHNAN, KAVITA","RADHAKRISHNAN, KAVITA,  PHD*",RADHAKRISHNAN,KAVITA,KAVITA,06/06/22 -,"ASSOCIATE PROFESSOR, SCHOOL OF NURSING, UNIVERSITY OF TEXAS AUSTIN, AUSTIN, TX, 78712",78712
BIOBEHAVIORAL MEDICINE AND HEALTH OUTCOMES STUDY SECTION,BMHO,10/03/22,"CUEVAS, HEATHER","CUEVAS, HEATHER,  PHD*",CUEVAS,HEATHER,HEATHER,10/03/22 -,"ASSISTANT PROFESSOR, SCHOOL OF NURSING, UNIVERSITY OF TEXAS AT AUSTIN, AUSTIN, TX, 78728",78728
BIOBEHAVIORAL MEDICINE AND HEALTH OUTCOMES STUDY SECTION,BMHO,06/05/23,"RADHAKRISHNAN, KAVITA","RADHAKRISHNAN, KAVITA,  PHD*",RADHAKRISHNAN,KAVITA,KAVITA,6/5/2023,"ASSOCIATE PROFESSOR, SCHOOL OF NURSING, UNIVERSITY OF TEXAS AUSTIN, AUSTIN, TX, 78712",78712
BIOBEHAVIORAL MEDICINE AND HEALTH OUTCOMES STUDY SECTION,BMHO,10/03/23,"RADHAKRISHNAN, KAVITA","RADHAKRISHNAN, KAVITA, PHD",RADHAKRISHNAN,KAVITA,KAVITA,10/3/2023,"ASSOCIATE PROFESSOR, SCHOOL OF NURSING, UNIVERSITY OF TEXAS AUSTIN, AUSTIN,       TX,       78712",78712
BIOBEHAVIORAL MEDICINE AND HEALTH OUTCOMES STUDY SECTION,BMHO,01/29/24,"RADHAKRISHNAN, KAVITA","RADHAKRISHNAN, KAVITA, PHD",RADHAKRISHNAN,KAVITA,KAVITA,1/29/2024,"ASSOCIATE PROFESSOR, SCHOOL OF NURSING, UNIVERSITY OF TEXAS AUSTIN, AUSTIN,       TX,       78712",78712
BIOBEHAVIORAL MEDICINE AND HEALTH OUTCOMES STUDY SECTION,BMHO,06/03/24,"RADHAKRISHNAN, KAVITA","RADHAKRISHNAN, KAVITA, PHD",RADHAKRISHNAN,KAVITA,KAVITA,6/3/2024,"ASSOCIATE PROFESSOR, SCHOOL OF NURSING, UNIVERSITY OF TEXAS AUSTIN, AUSTIN,       TX,       78712",78712
BIOSTATISTICAL METHODS AND RESEARCH DESIGN STUDY SECTION,BMRD,11/02/21,"CALDER, CATHERINE A","CALDER, CATHERINE A, PHD",CALDER,CATHERINE A,CATHERINE,11/02/21 - 11/03/21,"PROFESSOR AND CHAIR, DEPARTMENT OF STATISTICS AND DATA SCIENCES, COLLEGE OF NATURAL SCIENCES, THE UNIVERSITY OF TEXAS AT AUSTIN, AUSTIN, TX, 78712",78712
BIOSTATISTICAL METHODS AND RESEARCH DESIGN STUDY SECTION,BMRD,11/02/21,"RATHOUZ, PAUL JOSEPH","RATHOUZ, PAUL JOSEPH, PHD",RATHOUZ,PAUL JOSEPH,PAUL,11/02/21 - 11/03/21,"PROFESSOR, DEPARTMENT OF POPULATION HEALTH, BIOMEDICAL DATA SCIENCE HUB, DELL MEDICAL SCHOOL, UNIVERSITY OF TEXAS AT AUSTIN, AUSTIN, TX, 78712",78712
BIOSTATISTICAL METHODS AND RESEARCH DESIGN STUDY SECTION,BMRD,03/03/22,"CALDER, CATHERINE A","CALDER, CATHERINE A, PHD",CALDER,CATHERINE A,CATHERINE,03/03/22 - 03/04/22,"PROFESSOR AND CHAIR, DEPARTMENT OF STATISTICS AND DATA SCIENCES, COLLEGE OF NATURAL SCIENCES, THE UNIVERSITY OF TEXAS AT AUSTIN, AUSTIN, TX, 78712",78712
BIOSTATISTICAL METHODS AND RESEARCH DESIGN STUDY SECTION,BMRD,03/03/22,"RATHOUZ, PAUL JOSEPH","RATHOUZ, PAUL JOSEPH, PHD",RATHOUZ,PAUL JOSEPH,PAUL,03/03/22 - 03/04/22,"PROFESSOR, DEPARTMENT OF POPULATION HEALTH, BIOMEDICAL DATA SCIENCE HUB, DELL MEDICAL SCHOOL, UNIVERSITY OF TEXAS AT AUSTIN, AUSTIN, TX, 78712",78712
BIOSTATISTICAL METHODS AND RESEARCH DESIGN STUDY SECTION,BMRD,06/21/22,"CALDER, CATHERINE A","CALDER, CATHERINE A,  PHD",CALDER,CATHERINE A,CATHERINE,06/21/22 -,"PROFESSOR AND CHAIR, DEPARTMENT OF STATISTICS AND DATA SCIENCES, COLLEGE OF NATURAL SCIENCES, THE UNIVERSITY OF TEXAS AT AUSTIN, AUSTIN, TX, 78712",78712
"BEHAVIORAL NEUROENDOCRINOLOGY, NEUROIMMUNOLOGY, RHYTHMS, AND SLEEP STUDY SECTION",BNRS,10/07/21,"FONKEN, LAURA K","FONKEN, LAURA K, PHD*",FONKEN,LAURA K,LAURA,10/07/21 - 10/08/21,"ASSISTANT PROFESSOR, DEPARTMENT OF PSYCHOLOGY, UNIVERSITY OF TEXAS, AUSTIN, AUSTIN, TX, 78712",78712
"BEHAVIORAL NEUROENDOCRINOLOGY, NEUROIMMUNOLOGY, RHYTHMS, AND SLEEP STUDY SECTION",BNRS,10/06/22,"FONKEN, LAURA K","FONKEN, LAURA K,  PHD",FONKEN,LAURA K,LAURA,10/06/22 -,"ASSISTANT PROFESSOR, DIVISION OF PHARMACOLOGY AND TOXICOLOGY, COLLEGE OF PHARMACY, UNIVERSITY OF TEXAS,  AUSTIN, AUSTIN, TX, 78712",78712
"BEHAVIORAL NEUROENDOCRINOLOGY, NEUROIMMUNOLOGY, RHYTHMS, AND SLEEP STUDY SECTION",BNRS,02/02/23,"FONKEN, LAURA K","FONKEN, LAURA K,  PHD",FONKEN,LAURA K,LAURA,2/2/2023,"ASSISTANT PROFESSOR, DIVISION OF PHARMACOLOGY AND TOXICOLOGY, COLLEGE OF PHARMACY, UNIVERSITY OF TEXAS,  AUSTIN, AUSTIN, TX, 78712",78712
"BEHAVIORAL NEUROENDOCRINOLOGY, NEUROIMMUNOLOGY, RHYTHMS, AND SLEEP STUDY SECTION",BNRS,06/01/23,"FONKEN, LAURA K","FONKEN, LAURA K,  PHD",FONKEN,LAURA K,LAURA,6/1/2023,"ASSISTANT PROFESSOR, DIVISION OF PHARMACOLOGY AND TOXICOLOGY, COLLEGE OF PHARMACY, UNIVERSITY OF TEXAS,  AUSTIN, AUSTIN, TX, 78712",78712
"BEHAVIORAL NEUROENDOCRINOLOGY, NEUROIMMUNOLOGY, RHYTHMS, AND SLEEP STUDY SECTION ",BNRS,10/05/23,"FONKEN, LAURA K","FONKEN, LAURA  K, PHD",FONKEN,LAURA K,LAURA,10/5/2023,"ASSISTANT PROFESSOR, DEPARTMENT OF PHARMACOLOGY AND TOXICOLOGY, COLLEGE OF PHARMACY, UNIVERSITY OF TEXAS, AUSTIN, AUSTIN,       TX,       78712",78712
"BEHAVIORAL NEUROENDOCRINOLOGY, NEUROIMMUNOLOGY, RHYTHMS, AND SLEEP STUDY SECTION ",BNRS,02/01/24,"FONKEN, LAURA K","FONKEN, LAURA  K, PHD",FONKEN,LAURA K,LAURA,2/1/2024,"ASSISTANT PROFESSOR, DEPARTMENT OF PHARMACOLOGY AND TOXICOLOGY, COLLEGE OF PHARMACY, UNIVERSITY OF TEXAS, AUSTIN, AUSTIN,       TX,       78712",78712
"BEHAVIORAL NEUROENDOCRINOLOGY, NEUROIMMUNOLOGY, RHYTHMS, AND SLEEP STUDY SECTION ",BNRS,05/30/24,"FONKEN, LAURA K","FONKEN, LAURA  K, PHD",FONKEN,LAURA K,LAURA,5/30/2024,"ASSISTANT PROFESSOR, DEPARTMENT OF PHARMACOLOGY AND TOXICOLOGY, COLLEGE OF PHARMACY, UNIVERSITY OF TEXAS, AUSTIN, AUSTIN,       TX,       78712",78712
"BIOENGINEERING OF NEUROSCIENCE, VISION AND LOW VISION TECHNOLOGIES STUDY SECTION",BNVT,02/17/22,"SANTACRUZ, SAMANTHA ROSE","SANTACRUZ, SAMANTHA ROSE, PHD*",SANTACRUZ,SAMANTHA ROSE,SAMANTHA,02/17/22 - 02/18/22,"ASSISTANT PROFESSOR, COCKRELL SCHOOL OF ENGINEERING, BIOMEDICAL ENGINEERING, THE UNIVERSITY OF TEXAS AT AUSTIN, AUSTIN, TX, 78712",78712
"BIOENGINEERING OF NEUROSCIENCE, VISION AND LOW VISION TECHNOLOGIES STUDY SECTION",BNVT,10/20/22,"ROSALES, ADRIANNE","ROSALES, ADRIANNE,  PHD*",ROSALES,ADRIANNE,ADRIANNE,10/20/22 -,"ASSISTANT PROFESSOR, DEPARTMENT CHEMICAL ENGINEERING, UNIVERSITY OF TEXAS AT AUSTIN, AUSTIN, TX, 78712",78712
"BIOENGINEERING OF NEUROSCIENCE, VISION AND LOW VISION TECHNOLOGIES STUDY SECTION",BNVT,10/20/22,"SEIDLITS, STEPHANIE KRISTIN","SEIDLITS, STEPHANIE KRISTIN,  PHD",SEIDLITS,STEPHANIE KRISTIN,STEPHANIE,10/20/22 -,"ASSOCIATE PROFESSOR, DEPARTMENT OF BIOMEDICAL ENGINEERING, UNIVERSITY OF TEXAS,  AUSTIN, AUSTIN, TX, 78712",78712
"BIOENGINEERING OF NEUROSCIENCE, VISION AND LOW VISION TECHNOLOGIES STUDY SECTION",BNVT,02/15/23,"SEIDLITS, STEPHANIE KRISTIN","SEIDLITS, STEPHANIE KRISTIN,  PHD",SEIDLITS,STEPHANIE KRISTIN,STEPHANIE,2/15/2023,"ASSOCIATE PROFESSOR, DEPARTMENT OF BIOMEDICAL ENGINEERING, UNIVERSITY OF TEXAS,  AUSTIN, AUSTIN, TX, 78712",78712
"BIOENGINEERING OF NEUROSCIENCE, VISION AND LOW VISION TECHNOLOGIES STUDY SECTION",BNVT,06/15/23,"SEIDLITS, STEPHANIE KRISTIN","SEIDLITS, STEPHANIE KRISTIN,  PHD",SEIDLITS,STEPHANIE KRISTIN,STEPHANIE,6/15/2023,"ASSOCIATE PROFESSOR, DEPARTMENT OF BIOMEDICAL ENGINEERING, UNIVERSITY OF TEXAS,  AUSTIN, AUSTIN, TX, 78712",78712
"BIOENGINEERING OF NEUROSCIENCE, VISION AND LOW VISION TECHNOLOGIES STUDY SECTION",BNVT,10/19/23,"SEIDLITS, STEPHANIE KRISTIN","SEIDLITS, STEPHANIE  KRISTIN, PHD",SEIDLITS,STEPHANIE KRISTIN,STEPHANIE,10/19/2023,"ASSOCIATE PROFESSOR, DEPARTMENT OF BIOMEDICAL ENGINEERING, UNIVERSITY OF TEXAS, AUSTIN, AUSTIN,       TX,       78712",78712
"BIOENGINEERING OF NEUROSCIENCE, VISION AND LOW VISION TECHNOLOGIES STUDY SECTION",BNVT,03/07/24,"SEIDLITS, STEPHANIE KRISTIN","SEIDLITS, STEPHANIE  KRISTIN, PHD",SEIDLITS,STEPHANIE KRISTIN,STEPHANIE,3/7/2024,"ASSOCIATE PROFESSOR, DEPARTMENT OF BIOMEDICAL ENGINEERING, UNIVERSITY OF TEXAS, AUSTIN, AUSTIN,       TX,       78712",78712
"BIOENGINEERING OF NEUROSCIENCE, VISION AND LOW VISION TECHNOLOGIES STUDY SECTION",BNVT,06/20/24,"SEIDLITS, STEPHANIE KRISTIN","SEIDLITS, STEPHANIE  KRISTIN, PHD",SEIDLITS,STEPHANIE KRISTIN,STEPHANIE,6/20/2024,"ASSOCIATE PROFESSOR, DEPARTMENT OF BIOMEDICAL ENGINEERING, UNIVERSITY OF TEXAS, AUSTIN, AUSTIN,       TX,       78712",78712
"BIOBEHAVIORAL REGULATION, LEARNING AND ETHOLOGY STUDY SECTION",BRLE,10/06/22,"DONEGAN, JENNIFER","DONEGAN, JENNIFER,  PHD*",DONEGAN,JENNIFER,JENNIFER,10/06/22 -,"ASSISTANT PROFESSOR, DEPARTMENT OF PSYCHIATRY AND, BEHAVIORAL SCIENCES, UNIVERSITY OF TEXAS AT AUSTIN, AUSTIN, TX, 78712",78712
"BIOBEHAVIORAL REGULATION, LEARNING AND ETHOLOGY STUDY SECTION",BRLE,10/17/23,"PHELPS, STEVEN M","PHELPS, STEVEN  M, PHD",PHELPS,STEVEN M,STEVEN,10/17/2023,"PROFESSOR, DEPARTMENT OF INTEGRATIVE BIOLOGY, THE UNIVERSITY OF TEXAS AT AUSTIN, AUSTIN,       TX,       78712",78712
"BIOBEHAVIORAL REGULATION, LEARNING AND ETHOLOGY STUDY SECTION",BRLE,02/28/24,"FREEDBERG, MIKE","FREEDBERG, MIKE, PHD",FREEDBERG,MIKE,MIKE,2/28/2024,"ASSISTANT PROFESSOR, DEPARTMENT OFÂ KINESIOLOGY AND HEALTH EDUCATION, UNIVERSITY OF TEXAS AT AUSTIN, AUSTIN,       TX,       78712",78712
"BIOBEHAVIORAL REGULATION, LEARNING AND ETHOLOGY STUDY SECTION",BRLE,06/13/24,"MANGIERI, REGINA A.","MANGIERI, REGINA  A., PHD",MANGIERI,REGINA A.,REGINA,6/13/2024,"ASSISTANT PROFESSOR, DIVISION OF PHARMACOLOGY AND TOXICOLOGY, COLLEGE OF PHARMACY, UNIVERSITY OF TEXAS AT AUSTIN, AUSTIN,       TX,       78712",78712
"BIOENGINEERING, TECHNOLOGY AND SURGICAL SCIENCES STUDY SECTION",BTSS,10/12/21,"JIA, YAOYAO","JIA, YAOYAO, PHD*",JIA,YAOYAO,YAOYAO,10/12/21 - 10/13/21,"ASSISTANT PROFESSOR, DEPARTMENT OF ELECTRICAL, AND COMPUTER ENGINEERING, UNIVERSITY OF TEXAS, AUSTIN, TX, 78712",78712
"BIOENGINEERING, TECHNOLOGY AND SURGICAL SCIENCES STUDY SECTION",BTSS,06/12/23,"MISERLIS, DIMITRIOS","MISERLIS, DIMITRIOS,  MD*",MISERLIS,DIMITRIOS,DIMITRIOS,6/12/2023,"ASSISTANT PROFESSOR, DIVISION OF VASCULAR SURGERY, DEPARTMENT OF SURGERY AND PERIOPERATIVE CARE, UT AUSTIN DELL MEDICAL SCHOOL, THE UNIVERSITY OF TEXAS AT AUSTIN, AUSTIN, TX, 78701",78701
CANCER MOLECULAR PATHOBIOLOGY STUDY SECTION,CAMP,02/22/22,"XHEMALCE, BLERTA","XHEMALCE, BLERTA, PHD*",XHEMALCE,BLERTA,BLERTA,02/22/22 - 02/23/22,"ASSOCIATE PROFESSOR, DEPARTMENT OF MOLECULAR BIOSCIENCES, COLLEGE OF NATURAL SCIENCES, UNIVERSITY OF TEXAS AT AUSTIN, AUSTIN, TX, 78712",78712
CHEMICAL BIOLOGY AND PROBES STUDY SECTION,CBP,10/19/23,"HSU, KU-LUNG","HSU, KU-LUNG, PHD",HSU,KU-LUNG,KU-LUNG,10/19/2023,"ASSOCIATE PROFESSOR, DEPARTMENT OF CHEMISTRY, UNIVERSITY OF TEXAS AT AUSTIN, AUSTIN,       TX,       78712",78712
CANCER BIOMARKERS STUDY SECTION,CBSS,10/18/21,"SORACE, ANNA C","SORACE, ANNA C, PHD*",SORACE,ANNA C,ANNA,10/18/21 - 10/19/21,"ASSISTANT PROFESSOR, DEPARTMENT OF RADIOLOGY, SCHOOL OF MEDICINE, DIVISION OF ADVANCED MEDICAL IMAGING RESEARCH, UNIVERSITY OF ALABAMA AT BIRMINGHAM, AUSTIN, TX, 78723",78723
CANCER ETIOLOGY STUDY SECTION,CE,06/15/21,"MILLER, KYLE M","MILLER, KYLE M, PHD",MILLER,KYLE M,KYLE,06/15/21 - 06/16/21,"ASSOCIATE PROFESSOR, DEPARTMENT OF MOLECULAR BIOSCIENCES, UNIVERSITY OF TEXAS AT AUSTIN, AUSTIN, TX, 78712",78712
CANCER ETIOLOGY STUDY SECTION,CE,03/01/22,"MILLER, KYLE M","MILLER, KYLE M, PHD",MILLER,KYLE M,KYLE,03/01/22 - 03/02/22,"ASSOCIATE PROFESSOR, DEPARTMENT OF MOLECULAR BIOSCIENCES, UNIVERSITY OF TEXAS AT AUSTIN, AUSTIN, TX, 78712",78712
CANCER ETIOLOGY STUDY SECTION,CE,06/21/22,"MILLER, KYLE M","MILLER, KYLE M,  PHD",MILLER,KYLE M,KYLE,06/21/22 -,"ASSOCIATE PROFESSOR, DEPARTMENT OF MOLECULAR BIOSCIENCES, UNIVERSITY OF TEXAS AT AUSTIN, AUSTIN, TX, 78712",78712
COMMUNITY INFLUENCES ON HEALTH BEHAVIOR STUDY SECTION,CIHB,02/15/22,"JANG, YURI","JANG, YURI, PHD*",JANG,YURI,YURI,02/15/22 - 02/16/22,"ASSOCIATE PROFESSOR, SCHOOL OF SOCIAL WORK, UNIVERSITY OF TEXAS AT AUSTIN, AUSTIN, TX, 78723",78723
COMMUNITY INFLUENCES ON HEALTH BEHAVIOR STUDY SECTION,CIHB,02/14/23,"HARRELL, MELISSAB","HARRELL, MELISSAB,  PHD*",HARRELL,MELISSAB,MELISSAB,2/14/2023,"PROFESSOR, DEPARTMENT OF EPIDEMIOLOGY HUMAN GENETICS AND, ENVIRONMENTAL SCIENCE, UTHEALTH HOUSTON,  SCHOOL OF PUBLIC HEALTH, AUSTIN, TX, 78701",78701
CANCER IMMUNOPATHOLOGY AND IMMUNOTHERAPY STUDY SECTION,CII,06/23/22,"TRIPLETT, TODD","TRIPLETT, TODD,  PHD*",TRIPLETT,TODD,TODD,06/23/22 -,"ASSISTANT PROFESSOR, DEPARTMENT OF ONCOLOGY, UNIVERSITY OF TEXAS, AUSTIN, TX, 78712",78712
CLINICAL MANAGEMENT IN GENERAL CARE SETTINGS STUDY SECTION,CMGC,02/07/22,"STEINHARDT, MARY A.","STEINHARDT, MARY A., EDD*",STEINHARDT,MARY A.,MARY,02/07/22 - 02/08/22,"PROFESSOR, DEPARTMENT OF KINESIOLOGY AND HEALTH EDUCATION, THE UNIVERSITY OF TEXAS AT AUSTIN, AUSTIN, TX, 78712",78712
CLINICAL MANAGEMENT IN GENERAL CARE SETTINGS STUDY SECTION,CMGC,10/16/23,"STEINHARDT, MARY A","STEINHARDT, MARY  A, EDD",STEINHARDT,MARY A,MARY,10/16/2023,"PROFESSOR, DEPARTMENT OF KINESIOLOGY AND HEALTH EDUCATION, THE UNIVERSITY OF TEXAS AT AUSTIN, AUSTIN,       TX,       78712",78712
CELLULAR AND MOLECULAR IMMUNOLOGY - A STUDY SECTION,CMIA,10/14/21,"MAYNARD, JENNIFER A","MAYNARD, JENNIFER A, PHD",MAYNARD,JENNIFER A,JENNIFER,10/14/21 - 10/15/21,"PROFESSOR, DEPARTMENT OF CHEMICAL ENGINEERING, UNIVERSITY OF TEXAS AT AUSTIN, AUSTIN, TX, 78712",78712
CELLULAR AND MOLECULAR IMMUNOLOGY - A STUDY SECTION,CMIA,02/17/22,"MAYNARD, JENNIFER A","MAYNARD, JENNIFER A, PHD",MAYNARD,JENNIFER A,JENNIFER,02/17/22 - 02/18/22,"PROFESSOR, DEPARTMENT OF CHEMICAL ENGINEERING, UNIVERSITY OF TEXAS AT AUSTIN, AUSTIN, TX, 78712",78712
CELLULAR AND MOLECULAR IMMUNOLOGY - A STUDY SECTION,CMIA,06/30/22,"MAYNARD, JENNIFER A","MAYNARD, JENNIFER A,  PHD",MAYNARD,JENNIFER A,JENNIFER,06/30/22 -,"PROFESSOR, DEPARTMENT OF CHEMICAL ENGINEERING, UNIVERSITY OF TEXAS AT AUSTIN, AUSTIN, TX, 78712",78712
CELLULAR AND MOLECULAR IMMUNOLOGY - A STUDY SECTION,CMIA,10/20/22,"MAYNARD, JENNIFER A","MAYNARD, JENNIFER A,  PHD",MAYNARD,JENNIFER A,JENNIFER,10/20/22 -,"PROFESSOR, DEPARTMENT OF CHEMICAL ENGINEERING, UNIVERSITY OF TEXAS AT AUSTIN, AUSTIN, TX, 78712",78712
CELLULAR AND MOLECULAR IMMUNOLOGY - A STUDY SECTION,CMIA,03/16/23,"MAYNARD, JENNIFER A","MAYNARD, JENNIFER A,  PHD",MAYNARD,JENNIFER A,JENNIFER,3/16/2023,"PROFESSOR, DEPARTMENT OF CHEMICAL ENGINEERING, UNIVERSITY OF TEXAS AT AUSTIN, AUSTIN, TX, 78712",78712
CELLULAR AND MOLECULAR IMMUNOLOGY - A STUDY SECTION,CMIA,06/22/23,"MAYNARD, JENNIFER A","MAYNARD, JENNIFER A,  PHD",MAYNARD,JENNIFER A,JENNIFER,6/22/2023,"PROFESSOR, DEPARTMENT OF CHEMICAL ENGINEERING, UNIVERSITY OF TEXAS AT AUSTIN, AUSTIN, TX, 78712",78712
CELLULAR AND MOLECULAR IMMUNOLOGY - A STUDY SECTION,CMIA,10/26/23,"MAYNARD, JENNIFER A","MAYNARD, JENNIFER  A, PHD",MAYNARD,JENNIFER A,JENNIFER,10/26/2023,"PROFESSOR, DEPARTMENT OF CHEMICAL ENGINEERING, UNIVERSITY OF TEXAS AT AUSTIN, AUSTIN,       TX,       78712",78712
CELLULAR AND MOLECULAR IMMUNOLOGY - A STUDY SECTION,CMIA,03/07/24,"MAYNARD, JENNIFER A","MAYNARD, JENNIFER  A, PHD",MAYNARD,JENNIFER A,JENNIFER,3/7/2024,"PROFESSOR, DEPARTMENT OF CHEMICAL ENGINEERING, UNIVERSITY OF TEXAS AT AUSTIN, AUSTIN,       TX,       78712",78712
CELLULAR AND MOLECULAR IMMUNOLOGY - A STUDY SECTION,CMIA,06/13/24,"MAYNARD, JENNIFER A","MAYNARD, JENNIFER  A, PHD",MAYNARD,JENNIFER A,JENNIFER,6/13/2024,"PROFESSOR, DEPARTMENT OF CHEMICAL ENGINEERING, UNIVERSITY OF TEXAS AT AUSTIN, AUSTIN,       TX,       78712",78712
CELLULAR AND MOLECULAR IMMUNOLOGY - B STUDY SECTION,CMIB,06/24/21,"EHRLICH, LAUREN ILYSE RICHIE","EHRLICH, LAUREN ILYSE RICHIE, PHD",EHRLICH,LAUREN ILYSE RICHIE,LAUREN,06/24/21 - 06/25/21,"ASSOCIATE PROFESSOR, DEPARTMENT OF MOLECULAR BIOSCIENCES, INSTITUTE FOR CELLULAR AND MOLECULAR BIOLOGY, THE UNIVERSITY OF TEXAS AT AUSTIN, AUSTIN, TX, 78712",78712
CELLULAR AND MOLECULAR IMMUNOLOGY - B STUDY SECTION,CMIB,10/28/21,"EHRLICH, LAUREN ILYSE RICHIE","EHRLICH, LAUREN ILYSE RICHIE, PHD",EHRLICH,LAUREN ILYSE RICHIE,LAUREN,10/28/21 - 10/29/21,"ASSOCIATE PROFESSOR, DEPARTMENT OF MOLECULAR BIOSCIENCES, INSTITUTE FOR CELLULAR AND MOLECULAR BIOLOGY, THE UNIVERSITY OF TEXAS AT AUSTIN, AUSTIN, TX, 78712",78712
CELLULAR AND MOLECULAR IMMUNOLOGY - B STUDY SECTION,CMIB,06/23/22,"EHRLICH, LAUREN ILYSE RICHIE","EHRLICH, LAUREN ILYSE RICHIE,  PHD",EHRLICH,LAUREN ILYSE RICHIE,LAUREN,06/23/22 -,"ASSOCIATE PROFESSOR, DEPARTMENT OF MOLECULAR BIOSCIENCES, INSTITUTE FOR CELLULAR AND MOLECULAR BIOLOGY, THE UNIVERSITY OF TEXAS, AUSTIN, TX, 78712",78712
CELLULAR AND MOLECULAR IMMUNOLOGY - B STUDY SECTION,CMIB,10/27/22,"EHRLICH, LAUREN ILYSE RICHIE","EHRLICH, LAUREN ILYSE RICHIE,  PHD",EHRLICH,LAUREN ILYSE RICHIE,LAUREN,10/27/2022,"ASSOCIATE PROFESSOR, DEPARTMENT OF MOLECULAR BIOSCIENCES, INSTITUTE FOR CELLULAR AND MOLECULAR BIOLOGY, THE UNIVERSITY OF TEXAS, AUSTIN, TX, 78712",78712
CELLULAR AND MOLECULAR IMMUNOLOGY - B STUDY SECTION,CMIB,03/02/23,"EHRLICH, LAUREN ILYSE RICHIE","EHRLICH, LAUREN ILYSE RICHIE,  PHD",EHRLICH,LAUREN ILYSE RICHIE,LAUREN,3/2/2023,"ASSOCIATE PROFESSOR, DEPARTMENT OF MOLECULAR BIOSCIENCES, INSTITUTE FOR CELLULAR AND MOLECULAR BIOLOGY, THE UNIVERSITY OF TEXAS, AUSTIN, TX, 78712",78712
CELLULAR AND MOLECULAR IMMUNOLOGY - B STUDY SECTION,CMIB,06/29/23,"EHRLICH, LAUREN ILYSE RICHIE","EHRLICH, LAUREN ILYSE RICHIE,  PHD",EHRLICH,LAUREN ILYSE RICHIE,LAUREN,6/29/2023,"ASSOCIATE PROFESSOR, DEPARTMENT OF MOLECULAR BIOSCIENCES, INSTITUTE FOR CELLULAR AND MOLECULAR BIOLOGY, THE UNIVERSITY OF TEXAS, AUSTIN, TX, 78712",78712
CELLULAR AND MOLECULAR IMMUNOLOGY - B STUDY SECTION,CMIB,10/26/23,"EHRLICH, LAUREN ILYSE RICHIE","EHRLICH, LAUREN  ILYSE RICHIE, PHD",EHRLICH,LAUREN ILYSE RICHIE,LAUREN,10/26/2023,"PROFESSOR, L.LEON CAMPBELL, PH.D, DISTINGUISHED PROFESSOR IN MICROBIOLOGY, DEPARTMENT OF MOLECULAR BIOSCIENCES, THE UNIVERSITY OF TEXAS AT AUSTIN, AUSTIN,       TX,       78712",78712
CELLULAR AND MOLECULAR IMMUNOLOGY - B STUDY SECTION,CMIB,06/27/24,"EHRLICH, LAUREN ILYSE RICHIE","EHRLICH, LAUREN  ILYSE RICHIE, PHD",EHRLICH,LAUREN ILYSE RICHIE,LAUREN,6/27/2024,"PROFESSOR, L.LEON CAMPBELL, PH.D, DISTINGUISHED PROFESSOR IN MICROBIOLOGY, DEPARTMENT OF MOLECULAR BIOSCIENCES, THE UNIVERSITY OF TEXAS AT AUSTIN, AUSTIN,       TX,       78712",78712
"CELLULAR, MOLECULAR AND INTEGRATIVE REPRODUCTION STUDY SECTION",CMIR,06/20/23,"KIM, JONGHWAN","KIM, JONGHWAN,  PHD*",KIM,JONGHWAN,JONGHWAN,6/20/2023,"ASSOCIATE PROFESSOR, DEPARTMENT OF MOLECULAR BIOSCIENCES, UNIVERSITY OF TEXAS AT AUSTIN, AUSTIN, TX, 78712",78712
CELLULAR AND MOLECULAR TECHNOLOGIES STUDY SECTION,CMT,06/22/21,"CONTRERAS, LYDIA MARIA","CONTRERAS, LYDIA MARIA, PHD*",CONTRERAS,LYDIA MARIA,LYDIA,06/22/21 - 06/23/21,"ASSOCIATE PROFESSOR, DEPARTMENT OF CHEMICAL ENGINEERING, AND CELL MOLECULAR BIOLOGY, THE UNIVERSITY OF TEXAS AT AUSTIN, AUSTIN, TX, 78712",78712
CELLULAR AND MOLECULAR TECHNOLOGIES STUDY SECTION,CMT,06/22/21,"SUGGS, LAURA","SUGGS, LAURA, PHD",SUGGS,LAURA,LAURA,06/22/21 - 06/23/21,"PROFESSOR, DEPARTMENT OF BIOMEDICAL ENGINEERING, COCKRELL SCHOOL OF ENGINEERING, THE UNIVERSITY OF TEXAS AT AUSTIN, AUSTIN, TX, 78712",78712
CELLULAR AND MOLECULAR TECHNOLOGIES STUDY SECTION,CMT,10/20/21,"SUGGS, LAURA","SUGGS, LAURA, PHD",SUGGS,LAURA,LAURA,10/20/21 - 10/21/21,"PROFESSOR, DEPARTMENT OF BIOMEDICAL ENGINEERING, COCKRELL SCHOOL OF ENGINEERING, THE UNIVERSITY OF TEXAS AT AUSTIN, AUSTIN, TX, 78712",78712
CELLULAR AND MOLECULAR TECHNOLOGIES STUDY SECTION,CMT,10/19/22,"SUGGS, LAURA","SUGGS, LAURA,  PHD",SUGGS,LAURA,LAURA,10/19/22 -,"PROFESSOR, DEPARTMENT OF BIOMEDICAL ENGINEERING, COCKRELL SCHOOL OF ENGINEERING, THE UNIVERSITY OF TEXAS AT AUSTIN, AUSTIN, TX, 78712",78712
CELLULAR AND MOLECULAR TECHNOLOGIES STUDY SECTION,CMT,02/15/23,"SUGGS, LAURA","SUGGS, LAURA,  PHD",SUGGS,LAURA,LAURA,2/15/2023,"PROFESSOR, DEPARTMENT OF BIOMEDICAL ENGINEERING, COCKRELL SCHOOL OF ENGINEERING, THE UNIVERSITY OF TEXAS AT AUSTIN, AUSTIN, TX, 78712",78712
CELLULAR AND MOLECULAR TECHNOLOGIES STUDY SECTION,CMT,06/21/23,"SUGGS, LAURA","SUGGS, LAURA,  PHD",SUGGS,LAURA,LAURA,6/21/2023,"PROFESSOR, DEPARTMENT OF BIOMEDICAL ENGINEERING, COCKRELL SCHOOL OF ENGINEERING, THE UNIVERSITY OF TEXAS AT AUSTIN, AUSTIN, TX, 78712",78712
CLINICAL NEUROIMMUNOLOGY AND BRAIN TUMORS STUDY SECTION,CNBT,01/27/22,"LU, RONGZE OLIVIA","LU, RONGZE OLIVIA, PHD*",LU,RONGZE OLIVIA,RONGZE,01/27/22 - 01/28/22,"ASSISTANT PROFESSOR, DEPARTMENT OF NEUROSURGERY, DELL MEDICAL SCHOOL, THE UNIVERSITY OF TEXAS AT AUSTIN, AUSTIN, TX, 78713",78713
CLINICAL NEUROPLASTICITY AND NEUROTRANSMITTERS STUDY SECTION,CNNT,06/17/21,"HOWARD, MACKENZIE A","HOWARD, MACKENZIE A, PHD*",HOWARD,MACKENZIE A,MACKENZIE,06/17/21 - 06/18/21,"RESEARCH ASSISTANT PROFESSOR, DEPARTMENT OF NEUROSCIENCE, CENTER FOR LEARNING AND MEMORY AND, INSTITUTE FOR NEUROSCIENCE, UNIVERSITY OF TEXAS AT AUSTIN, AUSTIN, TX, 78712",78712
CLINICAL NEUROPLASTICITY AND NEUROTRANSMITTERS STUDY SECTION,CNNT,10/28/21,"HOWARD, MACKENZIE A","HOWARD, MACKENZIE A, PHD*",HOWARD,MACKENZIE A,MACKENZIE,10/28/21 - 10/29/21,"RESEARCH ASSISTANT PROFESSOR, DEPARTMENT OF NEUROSCIENCE, CENTER FOR LEARNING AND MEMORY AND, INSTITUTE FOR NEUROSCIENCE, UNIVERSITY OF TEXAS AT AUSTIN, AUSTIN, TX, 78712",78712
CLINICAL NEUROPLASTICITY AND NEUROTRANSMITTERS STUDY SECTION,CNNT,03/10/22,"HOWARD, MACKENZIE A","HOWARD, MACKENZIE A, PHD*",HOWARD,MACKENZIE A,MACKENZIE,03/10/22 - 03/11/22,"ASSISTANT PROFESSOR, DEPARTMENT OF NEUROSCIENCE, CENTER FOR LEARNING AND MEMORY , INSTITUTE FOR NEUROSCIENCE, UNIVERSITY OF TEXAS AT AUSTIN, AUSTIN, TX, 78712",78712
CLINICAL NEUROPLASTICITY AND NEUROTRANSMITTERS STUDY SECTION,CNNT,06/09/22,"HOWARD, MACKENZIE A","HOWARD, MACKENZIE A,  PHD*",HOWARD,MACKENZIE A,MACKENZIE,06/09/22 -,"ASSISTANT PROFESSOR, DEPARTMENT OF NEUROSCIENCE, CENTER FOR LEARNING AND MEMORY AND, INSTITUTE FOR NEUROSCIENCE, UNIVERSITY OF TEXAS AT AUSTIN, AUSTIN, TX, 78712",78712
CLINICAL NEUROPLASTICITY AND NEUROTRANSMITTERS STUDY SECTION,CNNT,02/16/23,"HOWARD, MACKENZIE A","HOWARD, MACKENZIE A,  PHD*",HOWARD,MACKENZIE A,MACKENZIE,2/16/2023,"ASSISTANT PROFESSOR, DEPARTMENT OF NEUROSCIENCE, CENTER FOR LEARNING AND MEMORY AND, INSTITUTE FOR NEUROSCIENCE, UNIVERSITY OF TEXAS AT AUSTIN, AUSTIN, TX, 78712",78712
CLINICAL NEUROPLASTICITY AND NEUROTRANSMITTERS STUDY SECTION,CNNT,06/22/23,"GAUDET, ANDREW","GAUDET, ANDREW,  PHD*",GAUDET,ANDREW,ANDREW,6/22/2023,"ASSISTANT PROFESSOR, DEPARTMENT OF PSYCHOLOGY, UNIVERSITY OF TEXAS AT AUSTIN, AUSTIN, TX, 78712",78712
CLINICAL NEUROPLASTICITY AND NEUROTRANSMITTERS STUDY SECTION,CNNT,06/20/24,"GAUDET, ANDREW","GAUDET, ANDREW, PHD",GAUDET,ANDREW,ANDREW,6/20/2024,"ASSISTANT PROFESSOR, DEPARTMENT PSYCHOLOGY, UNIVERSITY OF TEXAS AT AUSTIN, AUTSIN,       TX,       78712",78712
CHILD PSYCHOPATHOLOGY AND DEVELOPMENTAL DISABILITIES STUDY SECTION,CPDD,06/17/21,"MAGANA, SANDRA M","MAGANA, SANDRA M, PHD",MAGANA,SANDRA M,SANDRA,06/17/21 - 06/18/21,"PROFESSOR, STEVE HICKS SCHOOL OF SOCIAL WORK, THE UNIVERSITY OF TEXAS AT AUSTIN, AUSTIN, TX, 78712",78712
CHILD PSYCHOPATHOLOGY AND DEVELOPMENTAL DISABILITIES STUDY SECTION,CPDD,02/22/22,"MAGANA, SANDRA M","MAGANA, SANDRA M, PHD",MAGANA,SANDRA M,SANDRA,02/22/22 - 02/23/22,"PROFESSOR, STEVE HICKS SCHOOL OF SOCIAL WORK, THE UNIVERSITY OF TEXAS AT AUSTIN, AUSTIN, TX, 78712",78712
CHILD PSYCHOPATHOLOGY AND DEVELOPMENTAL DISABILITIES STUDY SECTION,CPDD,06/13/22,"MAGANA, SANDRA M","MAGANA, SANDRA M,  PHD",MAGANA,SANDRA M,SANDRA,06/13/22 -,"PROFESSOR, STEVE HICKS SCHOOL OF SOCIAL WORK, THE UNIVERSITY OF TEXAS AT AUSTIN, AUSTIN, TX, 78712",78712
CHILD PSYCHOPATHOLOGY AND DEVELOPMENTAL DISABILITIES STUDY SECTION,CPDD,02/13/23,"MAGANA, SANDRA M","MAGANA, SANDRA M,  PHD",MAGANA,SANDRA M,SANDRA,2/13/2023,"PROFESSOR, STEVE HICKS SCHOOL OF SOCIAL WORK, THE UNIVERSITY OF TEXAS AT AUSTIN, AUSTIN, TX, 78712",78712
CHILD PSYCHOPATHOLOGY AND DEVELOPMENTAL DISABILITIES STUDY SECTION,CPDD,06/12/23,"MAGANA, SANDRA M","MAGANA, SANDRA M,  PHD",MAGANA,SANDRA M,SANDRA,6/12/2023,"PROFESSOR, STEVE HICKS SCHOOL OF SOCIAL WORK, THE UNIVERSITY OF TEXAS AT AUSTIN, AUSTIN, TX, 78712",78712
CHILD PSYCHOPATHOLOGY AND DEVELOPMENTAL DISABILITIES STUDY SECTION,CPDD,02/12/24,"MAGANA, SANDRA M","MAGANA, SANDRA  M, PHD",MAGANA,SANDRA M,SANDRA,2/12/2024,"PROFESSOR, STEVE HICKS SCHOOL OF SOCIAL WORK, THE UNIVERSITY OF TEXAS AT AUSTIN, AUSTIN,       TX,       78712",78712
CHILD PSYCHOPATHOLOGY AND DEVELOPMENTAL DISABILITIES STUDY SECTION,CPDD,06/10/24,"MAGANA, SANDRA M","MAGANA, SANDRA  M, PHD",MAGANA,SANDRA M,SANDRA,6/10/2024,"PROFESSOR, STEVE HICKS SCHOOL OF SOCIAL WORK, THE UNIVERSITY OF TEXAS AT AUSTIN, AUSTIN,       TX,       78712",78712
CELL STRUCTURE AND FUNCTION 1 STUDY SECTION,CSF1,10/12/23,"PAREKH, SAPUN","PAREKH, SAPUN  H",PAREKH,SAPUN,SAPUN,10/12/2023,"ASSISTANT PROFESSOR, DEPARTMENT OF BIOMEDICAL ENGINEERING, COCKRELL SCHOOL OF ENGINEERING, THE UNIVERSITY OF TEXAS AT AUSTIN, AUSTIN,       TX,       78712",78712
CELL STRUCTURE AND FUNCTION 1 STUDY SECTION,CSF1,06/10/24,"ALVARADO, JOSE R","ALVARADO, JOSE  R, PHD",ALVARADO,JOSE R,JOSE,6/10/2024,"ASSISTANT PROFESSOR, DEPARTMENT OF PHYSICS, UNIVERSITY OF TEXAS AT AUSTIN, AUSTIN,       TX,       78712",78712
CLINICAL TRANSLATIONAL IMAGING SCIENCE STUDY SECTION,CTIS,02/16/23,"TAMIR, JONATHAN ISAAC","TAMIR, JONATHAN ISAAC,  PHD*",TAMIR,JONATHAN ISAAC,JONATHAN,2/16/2023,"ASSISTANT PROFESSOR, DEPARTMENT OF ELECTRICAL AND COMPUTER ENGINEERING, UNIVERSITY OF TEXAS AT AUSTIN, AUSTIN, TX, 78712",78712
CLINICAL TRANSLATIONAL IMAGING SCIENCE STUDY SECTION,CTIS,06/20/24,"BUSH, ADAM M","BUSH, ADAM  M, PHD",BUSH,ADAM M,ADAM,6/20/2024,"ASSISTANT PROFESSOR, DEPARTMENT OF BIOMEDICAL ENGINEERING, UNIVERSITY OF TEXAS AT AUSTIN, AUSTIN,       TX,       78712",78712
DRUG AND BIOLOGIC THERAPEUTIC DELIVERY STUDY SECTION,DBTD,02/01/24,"CALLMANN, CASSANDRA ELIZABETH","CALLMANN, CASSANDRA  ELIZABETH, PHD",CALLMANN,CASSANDRA ELIZABETH,CASSANDRA,2/1/2024,"ASSISTANT PROFESSOR, DEPARTMENT OF CHEMISTRY, THE UNIVERSITY OF TEXAS AT AUSTIN, AUSTIN,       TX,       78712",78712
DRUG AND BIOLOGIC THERAPEUTIC DELIVERY STUDY SECTION,DBTD,06/17/24,"BAKER, AARON BLAIR","BAKER, AARON  BLAIR, PHD",BAKER,AARON BLAIR,AARON,6/17/2024,"PROFESSOR, DEPARTMENT OF BIOMEDICAL ENGINEERING, COCKRELL SCHOOL OF ENGINEERING, THE UNIVERSITY OF TEXAS AT AUSTIN, AUSTIN,       TX,       78712",78712
DRUG DISCOVERY AND MECHANISMS OF ANTIMICROBIAL RESISTANCE STUDY SECTION,DDR,07/14/21,"DAVIES, BRYAN WILLIAM","DAVIES, BRYAN WILLIAM, PHD*",DAVIES,BRYAN WILLIAM,BRYAN,07/14/21 - 07/15/21,"ASSOCIATE PROFESSOR, DEPARTMENT OF MOLECULAR BIOSCIENCES, COLLEGE OF NATURAL SCIENCES, UNIVERSITY OF TEXAS AT AUSTIN, AUSTIN, TX, 78712",78712
DEVELOPMENT - 1 STUDY SECTION,DEV1,06/03/21,"VOKES, STEVEN A","VOKES, STEVEN A, PHD",VOKES,STEVEN A,STEVEN,06/03/21 - 06/04/21,"ASSOCIATE PROFESSOR, DEPARTMENT OF MOLECULAR BIOSCIENCES, UNIVERSITY OF TEXAS, AUSTIN, AUSTIN, TX, 78712",78712
DEVELOPMENT - 1 STUDY SECTION,DEV1,10/20/21,"VOKES, STEVEN A","VOKES, STEVEN A, PHD",VOKES,STEVEN A,STEVEN,10/20/21 - 10/21/21,"ASSOCIATE PROFESSOR, DEPARTMENT OF MOLECULAR BIOSCIENCES, UNIVERSITY OF TEXAS, AUSTIN, AUSTIN, TX, 78712",78712
DEVELOPMENT - 1 STUDY SECTION,DEV1,02/09/22,"VOKES, STEVEN A","VOKES, STEVEN A, PHD",VOKES,STEVEN A,STEVEN,02/09/22 - 02/10/22,"ASSOCIATE PROFESSOR, DEPARTMENT OF MOLECULAR BIOSCIENCES, UNIVERSITY OF TEXAS, AUSTIN, AUSTIN, TX, 78712",78712
DEVELOPMENT - 1 STUDY SECTION,DEV1,10/20/22,"VOKES, STEVEN A","VOKES, STEVEN A,  PHD",VOKES,STEVEN A,STEVEN,10/20/22 -,"ASSOCIATE PROFESSOR, DEPARTMENT OF MOLECULAR BIOSCIENCES, UNIVERSITY OF TEXAS,  AUSTIN, AUSTIN, TX, 78712",78712
DEVELOPMENT - 1 STUDY SECTION,DEV1,02/14/23,"VOKES, STEVEN A","VOKES, STEVEN A,  PHD",VOKES,STEVEN A,STEVEN,2/14/2023,"ASSOCIATE PROFESSOR, DEPARTMENT OF MOLECULAR BIOSCIENCES, UNIVERSITY OF TEXAS,  AUSTIN, AUSTIN, TX, 78712",78712
DEVELOPMENT - 2 STUDY SECTION,DEV2,10/12/21,"KIM, JONGHWAN","KIM, JONGHWAN, PHD*",KIM,JONGHWAN,JONGHWAN,10/12/21 - 10/13/21,"ASSOCIATE PROFESSOR, DEPARTMENT OF MOLECULAR CELL, AND DEVELOPMENTAL BIOLOGY, UNIVERSITY OF TEXAS AT AUSTIN, AUSTIN, TX, 78712",78712
DEVELOPMENT - 2 STUDY SECTION,DEV2,06/05/23,"GRAY, RYAN S","GRAY, RYAN S,  PHD*",GRAY,RYAN S,RYAN,6/5/2023,"ASSISTANT PROFESSOR, DEPARTMENT OF NUTRITIONAL SCIENCES, DEPARTMENT OF PEDIATRICS, UNIVERSITY OF TEXAS,  AUSTIN, AUSTIN, TX, 78751",78751
DEVELOPMENT - 2 STUDY SECTION,DEV2,10/10/23,"KIM, JONGHWAN","KIM, JONGHWAN, PHD",KIM,JONGHWAN,JONGHWAN,10/10/2023,"PROFESSOR, DEPARTMENT OF MOLECULAR BIOSCIENCES, UNIVERSITY OF TEXAS AT AUSTIN, AUSTIN,       TX,       78712",78712
DEVELOPMENT - 2 STUDY SECTION,DEV2,06/10/24,"GRAY, RYAN S","GRAY, RYAN  S, PHD",GRAY,RYAN S,RYAN,6/10/2024,"ASSOCIATE PROFESSOR, DEPARTMENT OF PEDIATRICS, THE UNIVERSITY OF TEXAS AT AUSTIN, AUSTIN,       TX,       78723",78723
DRUG DISCOVERY AND MOLECULAR PHARMACOLOGY A STUDY SECTION ,DMPA,11/07/23,"DAVIES, BRYAN WILLIAM","DAVIES, BRYAN  WILLIAM, PHD",DAVIES,BRYAN WILLIAM,BRYAN,11/7/2023,"ASSOCIATE PROFESSOR, DEPARTMENT OF MOLECULAR BIOSCIENCES, COLLEGE OF NATURAL SCIENCES, UNIVERSITY OF TEXAS AT AUSTIN, AUSTIN,       TX,       78712",78712
DRUG DISCOVERY AND MOLECULAR PHARMACOLOGY A STUDY SECTION ,DMPA,03/19/24,"DAVIES, BRYAN WILLIAM","DAVIES, BRYAN  WILLIAM, PHD",DAVIES,BRYAN WILLIAM,BRYAN,3/19/2024,"ASSOCIATE PROFESSOR, DEPARTMENT OF MOLECULAR BIOSCIENCES, COLLEGE OF NATURAL SCIENCES, UNIVERSITY OF TEXAS AT AUSTIN, AUSTIN,       TX,       78712",78712
DRUG DISCOVERY AND MOLECULAR PHARMACOLOGY A STUDY SECTION ,DMPA,06/20/24,"DAVIES, BRYAN WILLIAM","DAVIES, BRYAN  WILLIAM, PHD",DAVIES,BRYAN WILLIAM,BRYAN,6/20/2024,"ASSOCIATE PROFESSOR, DEPARTMENT OF MOLECULAR BIOSCIENCES, COLLEGE OF NATURAL SCIENCES, UNIVERSITY OF TEXAS AT AUSTIN, AUSTIN,       TX,       78712",78712
DRUG DISCOVERY AND MOLECULAR PHARMACOLOGY C STUDY SECTION,DMPC,03/07/24,"KAOUD, TAMER SAAD","KAOUD, TAMER  SAAD, PHD",KAOUD,TAMER SAAD,TAMER,3/7/2024,"RESEARCH ASSISTANT PROFESSOR, CHEMICAL BIOLOGY & MEDICINAL CHEMISTRY, THE UNIVERSITY OF TEXAS AT AUSTIN, AUSTIN,       TX,       78712",78712
ENABLING BIOANALYTICAL AND IMAGING TECHNOLOGIES STUDY SECTION,EBIT,10/05/23,"SAMANTA, DEVLEENA","SAMANTA, DEVLEENA, PHD",SAMANTA,DEVLEENA,DEVLEENA,10/5/2023,"ASSISTANT PROFESSOR, DEPARTMENT OF CHEMISTRY, UNIVERSITY OF TEXAS AT AUSTIN, AUSTIN,       TX,       78712",78712
ENABLING BIOANALYTICAL AND IMAGING TECHNOLOGIES STUDY SECTION,EBIT,06/20/24,"HSU, KU-LUNG","HSU, KU-LUNG, PHD",HSU,KU-LUNG,KU-LUNG,6/20/2024,"ASSOCIATE PROFESSOR, DEPARTMENT OF CHEMISTRY, UNIVERSITY OF TEXAS AT AUSTIN, AUSTIN,       TX,       78712",78712
ENVIRONMENTAL DETERMINANTS OF DISEASE STUDY SECTION (EDD),EDD,06/08/23,"LEE, SEONGMIN","LEE, SEONGMIN,  PHD*",LEE,SEONGMIN,SEONGMIN,6/8/2023,"ASSOCIATE PROFESSOR, COLLEGE OF PHARMACY, UNIVERSITY OF AUSTIN TEXAS, AUSTIN, TX, 787121140",78712
ENVIRONMENTAL DETERMINANTS OF DISEASE STUDY SECTION ,EDD,11/02/23,"LEE, SEONGMIN","LEE, SEONGMIN, PHD",LEE,SEONGMIN,SEONGMIN,11/2/2023,"ASSOCIATE PROFESSOR AND CHAIR, DEPARTMENT OF MEDICINE, COLLEGE OF PHARMACY, UNIVERSITY OF TEXAS, AUSTIN,       TX,       787121140",78712
ENVIRONMENTAL DETERMINANTS OF DISEASE STUDY SECTION ,EDD,02/08/24,"LEE, SEONGMIN","LEE, SEONGMIN, PHD",LEE,SEONGMIN,SEONGMIN,2/8/2024,"ASSOCIATE PROFESSOR, DIVISION OF CHEMICAL BIOLOGY, AND MEDICINAL CHEMISTRY, COLLEGE OF PHARMACY, UNIVERSITY OF TEXAS AT AUSTIN, AUSTIN,       TX,       787121140",78712
EMERGING IMAGING TECHNOLOGIES AND APPLICATIONS STUDY SECTION,EITA,10/27/22,"CHOWDHURY, SHWETADWIP","CHOWDHURY, SHWETADWIP,  PHD*",CHOWDHURY,SHWETADWIP,SHWETADWIP,10/27/2022,"ASSISTANT PROFESSOR, DEPARTMENT OF ELECTRICAL AND COMPUTER ENGINEERING, UNIVERSITY OF TEXAS AT AUSTIN, AUSTIN, TX, 78741",78741
EMERGING IMAGING TECHNOLOGIES IN NEUROSCIENCE STUDY SECTION,EITN,06/17/21,"DULA, ADRIENNE NICOLE","DULA, ADRIENNE NICOLE, PHD*",DULA,ADRIENNE NICOLE,ADRIENNE,06/17/21 - 06/18/21,"ASSISTANT PROFESSOR, DEPARTMENT OF NEUROLOGY, COURTESY ASSISTANT PROFESSOR, DEPARTMENT OF DIAGNOSTIC MEDICINE, DELL MEDICAL SCHOOL, UNIVERSITY OF TEXAS, AUSTIN, AUSTIN, TX, 78712",78712
EMERGING IMAGING TECHNOLOGIES IN NEUROSCIENCE STUDY SECTION,EITN,10/21/21,"PESTILLI, FRANCO","PESTILLI, FRANCO, PHD, MA, BA*",PESTILLI,FRANCO,FRANCO,10/21/21 - 10/22/21,"ASSOCIATE PROFESSOR, DEPARTMENT OF PSYCHOLOGY, THE UNIVERSITY OF TEXAS, AUSTIN, TX, 78712",78712
EMERGING IMAGING TECHNOLOGIES IN NEUROSCIENCE STUDY SECTION,EITN,02/24/22,"PESTILLI, FRANCO","PESTILLI, FRANCO, PHD, MA, BA*",PESTILLI,FRANCO,FRANCO,02/24/22 - 02/25/22,"ASSOCIATE PROFESSOR, DEPARTMENT OF PSYCHOLOGY, THE UNIVERSITY OF TEXAS, AUSTIN, TX, 78712",78712
EMERGING IMAGING TECHNOLOGIES IN NEUROSCIENCE STUDY SECTION,EITN,06/16/22,"BABAJANI-FEREMI, ABBAS","BABAJANI-FEREMI, ABBAS,  PHD*",BABAJANI-FEREMI,ABBAS,ABBAS,06/16/22 -,"ASSOCIATE PROFESSOR, DEPARTMENT OF NEUROLOGY, UNIVERSITY OF TEXAS AT AUSTIN, AUSTIN, TX, 78722",78722
EMERGING IMAGING TECHNOLOGIES IN NEUROSCIENCE STUDY SECTION,EITN,10/20/22,"PESTILLI, FRANCO","PESTILLI, FRANCO,  PHD*",PESTILLI,FRANCO,FRANCO,10/20/22 -,"ASSOCIATE PROFESSOR, DEPARTMENT OF PSYCHOLOGY, THE UNIVERSITY OF TEXAS, AUSTIN, TX, 78712",78712
EMERGING IMAGING TECHNOLOGIES IN NEUROSCIENCE STUDY SECTION,EITN,10/19/23,"DULA, ADRIENNE NICOLE","DULA, ADRIENNE  NICOLE, PHD",DULA,ADRIENNE NICOLE,ADRIENNE,10/19/2023,"ASSISTANT PROFESSOR, DEPARTMENT OF NEUROLOGY AND DIAGNOSTIC MEDICINE, THE UNIVERSITY OF TEXAS AT AUTIN, DELL MEDICAL SCHOOL, THE UNIVERSITY OF TEXAS AT AUTIN, AUSTIN,       TX,       78751",78751
"GENOMICS, COMPUTATIONAL BIOLOGY AND TECHNOLOGY STUDY SECTION",GCAT,10/21/21,"ELLINGTON, ANDREW D","ELLINGTON, ANDREW D, PHD*",ELLINGTON,ANDREW D,ANDREW,10/21/21 - 10/22/21,"PROFESSOR, DEPARTMENT OF BIOCHEMISTRY, INSTITUTE FOR CELLULAR AND MOLECULAR BIOLOGY, UNIVERSITY OF TEXAS AT AUSTIN, AUSTIN, TX, 78712",78712
GENETICS OF HEALTH AND DISEASE STUDY SECTION,GHD,02/26/24,"YI, SONG","YI, SONG, PHD",YI,SONG,SONG,2/26/2024,"ASSISTANT PROFESSOR, DEPARTMENT OF BIOINFORMATICS, UNIVERSITY OF TEXAS AT AUSTIN, AUSTIN,       TX,       78712",78712
GENETIC VARIATION AND EVOLUTION STUDY SECTION,GVE,06/09/21,"OCHMAN, HOWARD","OCHMAN, HOWARD, PHD",OCHMAN,HOWARD,HOWARD,06/09/21 - 06/10/21,"PROFESSOR, DEPARTMENT OF INTEGRATIVE BIOLOGY, UNIVERSITY OF TEXAS AT AUSTIN, AUSTIN, TX, 78712",78712
GENETIC VARIATION AND EVOLUTION STUDY SECTION,GVE,10/28/21,"WILKE, CLAUS","WILKE, CLAUS, PHD*",WILKE,CLAUS,CLAUS,10/28/21 - 10/29/21,"PROFESSOR, DEPARTMENT OF INTEGRATIVE BIOLOGY, INSTITUTE OF CELLULAR AND MOLECULAR BIOLOGY, THE UNIVERSITY OF TEXAS AT AUSTIN, AUSTIN, TX, 78712",78712
GENETIC VARIATION AND EVOLUTION STUDY SECTION,GVE,10/20/22,"WILKE, CLAUS O","WILKE, CLAUS O,  PHD",WILKE,CLAUS O,CLAUS,10/20/22 -,"PROFESSOR AND DEPARTMENT CHAIR, DEPARTMENT OF INTEGRATIVE BIOLOGY, INSTITUTE OF CELLULAR AND MOLECULAR BIOLOGY, THE UNIVERSITY OF TEXAS AT AUSTIN, AUSTIN, TX, 78712",78712
GENETIC VARIATION AND EVOLUTION STUDY SECTION,GVE,02/15/23,"WILKE, CLAUS O","WILKE, CLAUS O,  PHD",WILKE,CLAUS O,CLAUS,2/15/2023,"PROFESSOR AND DEPARTMENT CHAIR, DEPARTMENT OF INTEGRATIVE BIOLOGY, THE UNIVERSITY OF TEXAS AT AUSTIN, AUSTIN, TX, 78712",78712
GENETIC VARIATION AND EVOLUTION STUDY SECTION,GVE,06/13/23,"WILKE, CLAUS O","WILKE, CLAUS O,  PHD",WILKE,CLAUS O,CLAUS,6/13/2023,"PROFESSOR AND DEPARTMENT CHAIR, DEPARTMENT OF INTEGRATIVE BIOLOGY, THE UNIVERSITY OF TEXAS AT AUSTIN, AUSTIN, TX, 78712",78712
GENETIC VARIATION AND EVOLUTION STUDY SECTION,GVE,10/19/23,"WILKE, CLAUS O","WILKE, CLAUS  O, PHD",WILKE,CLAUS O,CLAUS,10/19/2023,"PROFESSOR, DEPARTMENT OF INTEGRATIVE BIOLOGY, THE UNIVERSITY OF TEXAS AT AUSTIN, AUSTIN,       TX,       78712",78712
GENETIC VARIATION AND EVOLUTION STUDY SECTION,GVE,02/15/24,"WILKE, CLAUS O","WILKE, CLAUS  O, PHD",WILKE,CLAUS O,CLAUS,2/15/2024,"PROFESSOR, DEPARTMENT OF INTEGRATIVE BIOLOGY, THE UNIVERSITY OF TEXAS AT AUSTIN, AUSTIN,       TX,       78712",78712
GENETIC VARIATION AND EVOLUTION STUDY SECTION,GVE,06/17/24,"WILKE, CLAUS O","WILKE, CLAUS  O, PHD",WILKE,CLAUS O,CLAUS,6/17/2024,"PROFESSOR, DEPARTMENT OF INTEGRATIVE BIOLOGY, THE UNIVERSITY OF TEXAS AT AUSTIN, AUSTIN,       TX,       78712",78712
HUMAN COMPLEX MENTAL FUNCTION STUDY SECTION,HCMF,06/09/21,"HAYHOE, MARY M","HAYHOE, MARY M, PHD",HAYHOE,MARY M,MARY,06/09/21 - 06/11/21,"PROFESSOR, DEPARTMENT OF PSYCHOLOGY, UNIVERSITY OF TEXAS AT AUSTIN, AUSTIN, TX, 78712",78712
HUMAN COMPLEX MENTAL FUNCTION STUDY SECTION,HCMF,10/14/21,"DUARTE, AUDREY","DUARTE, AUDREY, PHD",DUARTE,AUDREY,AUDREY,10/14/21 - 10/15/21,"PROFESSOR, DEPARTMENT OF PSYCHOLOGY, UNIVERSITY OF TEXAS, AUSTIN, AUSTIN, TX, 78712",78712
HUMAN COMPLEX MENTAL FUNCTION STUDY SECTION,HCMF,10/14/21,"YU, CHEN","YU, CHEN, PHD",YU,CHEN,CHEN,10/14/21 - 10/15/21,"PROFESSOR, DEPARTMENT OF PSYCHOLOGY, UNIVERSITY OF TEXAS, AUSTIN, AUSTIN, TX, 78746",78746
HUMAN COMPLEX MENTAL FUNCTION STUDY SECTION,HCMF,02/03/22,"DUARTE, AUDREY","DUARTE, AUDREY, PHD",DUARTE,AUDREY,AUDREY,02/03/22 - 02/04/22,"PROFESSOR, DEPARTMENT OF PSYCHOLOGY, UNIVERSITY OF TEXAS, AUSTIN, AUSTIN, TX, 78712",78712
HUMAN COMPLEX MENTAL FUNCTION STUDY SECTION,HCMF,06/16/22,"DUARTE, AUDREY","DUARTE, AUDREY,  PHD",DUARTE,AUDREY,AUDREY,06/16/22 -,"PROFESSOR, DEPARTMENT OF PSYCHOLOGY, UNIVERSITY OF TEXAS,  AUSTIN, AUSTIN, TX, 78712",78712
HUMAN COMPLEX MENTAL FUNCTION STUDY SECTION,HCMF,06/16/22,"YU, CHEN","YU, CHEN,  PHD",YU,CHEN,CHEN,06/16/22 -,"PROFESSOR, DEPARTMENT OF PSYCHOLOGY, UNIVERSITY OF TEXAS,  AUSTIN, AUSTIN, TX, 78746",78746
HUMAN COMPLEX MENTAL FUNCTION STUDY SECTION,HCMF,10/17/22,"DUARTE, AUDREY","DUARTE, AUDREY,  PHD",DUARTE,AUDREY,AUDREY,10/17/22 -,"PROFESSOR, DEPARTMENT OF PSYCHOLOGY, UNIVERSITY OF TEXAS,  AUSTIN, AUSTIN, TX, 78712",78712
HUMAN COMPLEX MENTAL FUNCTION STUDY SECTION,HCMF,02/09/23,"DUARTE, AUDREY","DUARTE, AUDREY,  PHD",DUARTE,AUDREY,AUDREY,2/9/2023,"PROFESSOR, DEPARTMENT OF PSYCHOLOGY, UNIVERSITY OF TEXAS,  AUSTIN, AUSTIN, TX, 78712",78712
HUMAN COMPLEX MENTAL FUNCTION STUDY SECTION,HCMF,06/15/23,"DUARTE, AUDREY","DUARTE, AUDREY,  PHD",DUARTE,AUDREY,AUDREY,6/15/2023,"PROFESSOR, DEPARTMENT OF PSYCHOLOGY, UNIVERSITY OF TEXAS,  AUSTIN, AUSTIN, TX, 78712",78712
HUMAN COMPLEX MENTAL FUNCTION STUDY SECTION,HCMF,10/12/23,"DUARTE, AUDREY","DUARTE, AUDREY, PHD",DUARTE,AUDREY,AUDREY,10/12/2023,"PROFESSOR, DEPARTMENT OF PSYCHOLOGY, UNIVERSITY OF TEXAS, AUSTIN, AUSTIN,       TX,       78712",78712
HUMAN COMPLEX MENTAL FUNCTION STUDY SECTION,HCMF,02/20/24,"DUARTE, AUDREY","DUARTE, AUDREY, PHD",DUARTE,AUDREY,AUDREY,2/20/2024,"PROFESSOR, DEPARTMENT OF PSYCHOLOGY, UNIVERSITY OF TEXAS, AUSTIN, AUSTIN,       TX,       78712",78712
HUMAN COMPLEX MENTAL FUNCTION STUDY SECTION,HCMF,06/06/24,"DUARTE, AUDREY","DUARTE, AUDREY, PHD",DUARTE,AUDREY,AUDREY,6/6/2024,"PROFESSOR, DEPARTMENT OF PSYCHOLOGY, UNIVERSITY OF TEXAS, AUSTIN, AUSTIN,       TX,       78712",78712
HEALTHCARE AND HEALTH DISPARITIES STUDY SECTION,HHD,06/08/21,"RODRIGUEZ, ERIN M.","RODRIGUEZ, ERIN M., PHD*",RODRIGUEZ,ERIN M.,ERIN,06/08/21 - 06/09/21,"ASSOCIATE PROFESSOR, DEPARTMENT OF EDUCATIONAL PSYCHOLOGY, COLLEGE OF EDUCATION, THE UNIVESITY OF TEXAS AT AUSTIN, AUSTIN, TX, 78712",78712
HEALTH PROMOTION IN COMMUNITIES STUDY SECTION,HPC,06/14/22,"DAVIS, JAIMIE NICOLE","DAVIS, JAIMIE NICOLE,  PHD*",DAVIS,JAIMIE NICOLE,JAIMIE,06/14/22 -,"ASSOCIATE PROFESSOR, DEPARTMENT OF NUTRITIONAL SCIENCES, COLLEGE OF NATURAL SCIENCES, UNIVERSITY OF TEXAS AT AUSTIN, AUSTIN, TX, 78723",78723
HEALTH PROMOTION IN COMMUNITIES STUDY SECTION,HPC,02/20/24,"PINEDO, MIGUEL","PINEDO, MIGUEL, PHD",PINEDO,MIGUEL,MIGUEL,2/20/2024,"ASSOCIATE PROFESSOR, DEPARTMENT OF KINESIOLOGY, AND HEALTH EDUCATION, UNIVERSITY OF TEXAS AT AUSTIN, AUSTIN,       TX,       78712",78712
HUMAN STUDIES OF DIABETES AND OBESITY STUDY SECTION,HSDO,10/14/21,"LEIDY, HEATHER J","LEIDY, HEATHER J, PHD*",LEIDY,HEATHER J,HEATHER,10/14/21 - 10/15/21,"ASSOCIATE PROFESSOR, DEPARTMENT OF NUTRITION SCIENCES &amp; PEDIACTRICS, COLLEGE OF NATURAL SCIENCES, DELL MEDICAL SCHOOL, UNIVERSITY OF TEXAS AT AUSTIN, AUSTIN, TX, 78723",78723
HUMAN STUDIES OF DIABETES AND OBESITY STUDY SECTION,HSDO,10/19/23,"DAVIS, JAIMIE NICOLE","DAVIS, JAIMIE  NICOLE, PHD",DAVIS,JAIMIE NICOLE,JAIMIE,10/19/2023,"ASSOCIATE PROFESSOR, DEPARTMENT OF NUTRITIONAL SCIENCES, COLLEGE OF NATURAL SCIENCES, UNIVERSITY OF TEXAS AT AUSTIN, AUSTIN,       TX,       78723",78723
HEALTH SERVICES: QUALITY AND EFFECTIVENESS STUDY SECTION,HSQE,06/24/21,"CHOI, NAMKEE G","CHOI, NAMKEE G, PHD*",CHOI,NAMKEE G,NAMKEE,06/24/21 - 06/25/21,"PROFESSOR, SCHOOL OF SOCIAL WORK, UNIVERSITY OF TEXAS AT AUSTIN, AUSTIN, TX, 78712",78712
IMAGING GUIDED INTERVENTIONS AND SURGERY STUDY SECTION,IGIS,10/21/21,"CASTILLO, EDWARD","CASTILLO, EDWARD, PHD",CASTILLO,EDWARD,EDWARD,10/21/21 - 10/22/21,"ASSOCIATE PROFESSOR, DEPARTMENT OF BIOMEDICAL ENGINEERING, UNIVERSITY OF TEXAS AT AUSTIN, AUSTIN, TX, 78712",78712
IMAGING GUIDED INTERVENTIONS AND SURGERY STUDY SECTION,IGIS,03/03/22,"ALAMBEIGI, FARSHID","ALAMBEIGI, FARSHID, PHD*",ALAMBEIGI,FARSHID,FARSHID,03/03/22 - 03/04/22,"ASSISTANT PROFESSOR, WALKER DEPARTMENT OF MECHANICAL ENGINEERING, DEPARTMENT OF RESEARCH AREAS, ROBOTICS AND INTELLIGENT MECHANICAL SYSTEMS, THE UNIVERSITY OF TEXAS AT AUSTIN, AUSTIN, TX, 78712",78712
IMAGING GUIDED INTERVENTIONS AND SURGERY STUDY SECTION,IGIS,06/09/22,"CASTILLO, EDWARD","CASTILLO, EDWARD,  PHD",CASTILLO,EDWARD,EDWARD,06/09/22 -,"ASSOCIATE PROFESSOR, DEPARTMENT OF BIOMEDICAL ENGINEERING, UNIVERSITY OF TEXAS AT AUSTIN, AUSTIN, TX, 78712",78712
IMAGING GUIDED INTERVENTIONS AND SURGERY STUDY SECTION,IGIS,02/23/23,"CASTILLO, EDWARD","CASTILLO, EDWARD,  PHD",CASTILLO,EDWARD,EDWARD,2/23/2023,"ASSOCIATE PROFESSOR, DEPARTMENT OF BIOMEDICAL ENGINEERING, UNIVERSITY OF TEXAS AT AUSTIN, AUSTIN, TX, 78712",78712
IMAGING GUIDED INTERVENTIONS AND SURGERY STUDY SECTION,IGIS,06/08/23,"CASTILLO, EDWARD","CASTILLO, EDWARD,  PHD",CASTILLO,EDWARD,EDWARD,6/8/2023,"ASSOCIATE PROFESSOR, DEPARTMENT OF BIOMEDICAL ENGINEERING, UNIVERSITY OF TEXAS AT AUSTIN, AUSTIN, TX, 78712",78712
IMAGING GUIDED INTERVENTIONS AND SURGERY STUDY SECTION,IGIS,10/19/23,"CASTILLO, EDWARD","CASTILLO, EDWARD, PHD",CASTILLO,EDWARD,EDWARD,10/19/2023,"ASSOCIATE PROFESSOR AND ASSOCIATE CHAIR FOR GRADUATE EDUCATION, WILLIAM J. MURRAY, JR. FELLOWSHIP IN ENGINEERING, DEPARTMENT OF BIOMEDICAL ENGINEERING, UNIVERSITY OF TEXAS AT AUSTIN, AUSTIN,       TX,       78712",78712
IMAGING GUIDED INTERVENTIONS AND SURGERY STUDY SECTION,IGIS,02/15/24,"CASTILLO, EDWARD","CASTILLO, EDWARD, PHD",CASTILLO,EDWARD,EDWARD,2/15/2024,"ASSOCIATE PROFESSOR AND ASSOCIATE CHAIR FOR GRADUATE EDUCATION, WILLIAM J. MURRAY, JR. FELLOWSHIP IN ENGINEERING, DEPARTMENT OF BIOMEDICAL ENGINEERING, UNIVERSITY OF TEXAS AT AUSTIN, AUSTIN,       TX,       78712",78712
IMAGING PROBES AND CONTRAST AGENTS STUDY SECTION,IPCA,10/13/22,"TUNNELL, JAMES W","TUNNELL, JAMES W,  PHD*",TUNNELL,JAMES W,JAMES,10/13/22 -,"ASSOCIATE PROFESSOR, DEPARTMENT OF BIOMEDICAL ENGINEERING, UNIVERSITY OF TEXAS AT AUSTIN, AUSTIN, TX, 78712",78712
IMAGING PROBES AND CONTRAST AGENTS STUDY SECTION,IPCA,10/12/23,"QUE, EMILY L","QUE, EMILY  L, PHD",QUE,EMILY L,EMILY,10/12/2023,"ASSISTANT PROFESSOR, DEPARTMENT OF CHEMISTRY, UNIVERSITY OF TEXAS AT AUSTIN, AUSTIN,       TX,       78712",78712
"INFECTIOUS DISEASES, REPRODUCTIVE HEALTH, ASTHMA AND PULMONARY CONDITIONS STUDY SECTION",IRAP,07/07/22,"MEYERS, LAUREN ANCEL","MEYERS, LAUREN ANCEL,  PHD",MEYERS,LAUREN ANCEL,LAUREN,07/07/22 -,"PROFESSOR, DEPARTMENT OF INTERGRATED BIOLOGY, THE UNIVERSITY OF TEXAS AT AUSTIN, AUSTIN, TX, 78712",78712
INSTRUMENTATION AND SYSTEMS DEVELOPMENT STUDY SECTION,ISD,06/17/21,"ZHENG, YUEBING","ZHENG, YUEBING, PHD*",ZHENG,YUEBING,YUEBING,06/17/21 - 06/18/21,"ASSOCIATE PROFESSOR, DEPARTMENT OF MECHANICAL ENGINEERING, UNIVERSITY OF TEXAS, AUSTIN, AUSTIN, TX, 78712",78712
INSTRUMENTATION AND SYSTEMS DEVELOPMENT STUDY SECTION,ISD,06/11/24,"FAN, DONGLEI EMMA","FAN, DONGLEI  EMMA, PHD",FAN,DONGLEI EMMA,DONGLEI,6/11/2024,"PROFESSOR, DEPARTMENT OF MECHANICAL ENGINEERING, UNIVERSITY OF TEXAS AT AUSTIN, AUSTIN,       TX,       78759",78759
IMAGING TECHNOLOGY DEVELOPMENT STUDY SECTION,ITD,02/27/23,"PORTER, EMILY","PORTER, EMILY,  PHD*",PORTER,EMILY,EMILY,2/27/2023,"ASSISTANT PROFESSOR, DEPARTMENT OF ELECTRICAL, AND COMPUTER ENGINEERING, UNIVERSITY OF TEXAS AT AUSTIN, AUSTIN, TX, 78751",78751
INTEGRATIVE VASCULAR PHYSIOLOGY AND PATHOLOGY STUDY SECTION,IVPP,06/20/23,"STONE, AUDREY J","STONE, AUDREY J,  PHD*",STONE,AUDREY J,AUDREY,6/20/2023,"ASSOCIATE PROFESSOR, DEPARTMENT OF KINESIOLOGY AND HEALTH EDUCATION, COLLEGE OF EDUCATION, THE UNIVERSITY OF TEXAS AT AUSTIN, AUSTIN, TX, 78712",78712
KIDNEY ENDOCRINE AND DIGESTIVE DISORDERS STUDY SECTION,KEDD,02/09/23,"WIDEN, ELIZABETH M","WIDEN, ELIZABETH M,  PHD*",WIDEN,ELIZABETH M,ELIZABETH,2/9/2023,"ASSISTANT PROFESSOR, DEPARTMENT OF NUTRITIONAL SCIENCES, SCHOOL OF HUMAN ECOLOGY, THE UNIVERSITY OF TEXAS AT AUSTIN, AUSTIN, TX, 78712",78712
LIFESTYLE CHANGE AND BEHAVIORAL HEALTH STUDY SECTION,LCBH,03/03/22,"BYRD-WILLIAMS, COURTNEY","BYRD-WILLIAMS, COURTNEY, PHD*",BYRD-WILLIAMS,COURTNEY,COURTNEY,03/03/22 - 03/04/22,"ASSISTANT PROFESSOR, HEALTH PROMOTION &amp; BEHAVIORAL SCIENCES, SCHOOL OF PUBLIC HEALTH, AUSTIN CAMPUS, UNIVERSITY OF TEXAS HEALTH SCIENCE CENTER, AUSTIN, TX, 78701",78701
LIFESTYLE CHANGE AND BEHAVIORAL HEALTH STUDY SECTION,LCBH,02/15/24,"WIDEN, ELIZABETH MARIE","WIDEN, ELIZABETH  MARIE, PHD",WIDEN,ELIZABETH MARIE,ELIZABETH,2/15/2024,"ASSISTANT PROFESSOR, DEPARTMENT OF NUTRITIONAL SCIENCES, SCHOOL OF HUMAN ECOLOGY, THE UNIVERSITY OF TEXAS AT AUSTIN, AUSTIN,       TX,       78712",78712
LANGUAGE AND COMMUNICATION STUDY SECTION,LCOM,06/23/22,"QUINTO-POZOS, DAVID G","QUINTO-POZOS, DAVID G,  PHD*",QUINTO-POZOS,DAVID G,DAVID,06/23/22 -,"ASSOCIATE PROFESSOR, DEPARTMENT OF LINGUISTICS, THE UNIVERSITY OF TEXAS AT AUSTIN, AUSTIN, TX, 78712",78712
LANGUAGE AND COMMUNICATION STUDY SECTION,LCOM,02/16/23,"GRASSO, STEPHANIE M","GRASSO, STEPHANIE M,  PHD*",GRASSO,STEPHANIE M,STEPHANIE,2/16/2023,"ASSISTANT PROFESSOR, DEPARTMENT OF SPEECH LANGUAGE,  AND HEARING SCIENCE, THE UNIVERSITY OF TEXAS AT AUSTIN, AUSTIN, TX, 78702",78702
LANGUAGE AND COMMUNICATION STUDY SECTION,LCOM,06/08/23,"HAMILTON, J LIBERTY S","HAMILTON, J LIBERTY S,  PHD*",HAMILTON,J LIBERTY S,J,6/8/2023,"ASSISTANT PROFESSOR, DEPARTMENT OF NEUROLOGY, SCHOOL OF MEDICINE, UNIVERSITY OF TEXAS AT AUSTIN, AUSTIN, TX, 78702",78702
LANGUAGE AND COMMUNICATION STUDY SECTION,LCOM,06/27/24,"QUINTO-POZOS, DAVID G","QUINTO-POZOS, DAVID  G, PHD",QUINTO-POZOS,DAVID G,DAVID,6/27/2024,"PROFESSOR, DEPARTMENT OF LINGUISTICS, THE UNIVERSITY OF TEXAS AT AUSTIN, AUSTIN,       TX,       78712",78712
"LEARNING, MEMORY AND DECISION NEUROSCIENCE STUDY SECTION",LMDN,06/17/21,"COLGIN, LAURA LEE","COLGIN, LAURA LEE, PHD",COLGIN,LAURA LEE,LAURA,06/17/21 - 06/18/21,"ASSOCIATE PROFESSOR, DEPARTMENT OF NEUROSCIENCE, CENTER FOR LEARNING AND MEMORY, UNIVERSITY OF TEXAS AT AUSTIN, AUSTIN, TX, 78712",78712
"LEARNING, MEMORY AND DECISION NEUROSCIENCE STUDY SECTION",LMDN,06/17/21,"PRESTON, ALISON R","PRESTON, ALISON R, PHD",PRESTON,ALISON R,ALISON,06/17/21 - 06/18/21,"PROFESSOR, DEPARTMENT OF PSYCHOLOGY AND NEUROSCIENCE, UNIVERSITY OF TEXAS AT AUSTIN, AUSTIN, TX, 78712",78712
"LEARNING, MEMORY AND DECISION NEUROSCIENCE STUDY SECTION",LMDN,10/21/21,"COLGIN, LAURA LEE","COLGIN, LAURA LEE, PHD",COLGIN,LAURA LEE,LAURA,10/21/21 - 10/22/21,"ASSOCIATE PROFESSOR, DEPARTMENT OF NEUROSCIENCE, CENTER FOR LEARNING AND MEMORY, UNIVERSITY OF TEXAS AT AUSTIN, AUSTIN, TX, 78712",78712
"LEARNING, MEMORY AND DECISION NEUROSCIENCE STUDY SECTION",LMDN,02/17/22,"COLGIN, LAURA LEE","COLGIN, LAURA LEE, PHD",COLGIN,LAURA LEE,LAURA,02/17/22 - 02/18/22,"ASSOCIATE PROFESSOR, DEPARTMENT OF NEUROSCIENCE, CENTER FOR LEARNING AND MEMORY, UNIVERSITY OF TEXAS AT AUSTIN, AUSTIN, TX, 78712",78712
"LEARNING, MEMORY AND DECISION NEUROSCIENCE STUDY SECTION",LMDN,06/16/22,"COLGIN, LAURA LEE","COLGIN, LAURA LEE,  PHD",COLGIN,LAURA LEE,LAURA,06/16/22 -,"ASSOCIATE PROFESSOR, DEPARTMENT OF NEUROSCIENCE, CENTER FOR LEARNING AND MEMORY, UNIVERSITY OF TEXAS AT AUSTIN, AUSTIN, TX, 78712",78712
"LEARNING, MEMORY AND DECISION NEUROSCIENCE STUDY SECTION",LMDN,02/23/23,"PIERCE, JONATHAN THOMAS","PIERCE, JONATHAN THOMAS,  PHD*",PIERCE,JONATHAN THOMAS,JONATHAN,2/23/2023,"ASSOCIATE PROFESSOR, DEPARTMENT OF NEUROSCIENCE, WAGGONER CENTER FOR ALCOHOL, AND ADDICTION RESEARCH, THE UNIVERSITY OF TEXAS,  AUSTIN, AUSTIN, TX, 78705",78705
"LEARNING, MEMORY AND DECISION NEUROSCIENCE STUDY SECTION",LMDN,06/15/23,"DREW, MICHAEL R","DREW, MICHAEL R,  PHD*",DREW,MICHAEL R,MICHAEL,6/15/2023,"ASSOCIATE PROFESSOR, DEPARTMENT OF NEUROSCIENCE, COLLEGE OF NATURAL SCIENCES, THE UNIVERSITY OF TEXAS AT AUSTIN, AUSTIN, TX, 78712",78712
"LEARNING, MEMORY AND DECISION NEUROSCIENCE STUDY SECTION",LMDN,10/19/23,"PIERCE, JONATHAN THOMAS","PIERCE, JONATHAN  THOMAS, PHD",PIERCE,JONATHAN THOMAS,JONATHAN,10/19/2023,"ASSOCIATE PROFESSOR, DEPARTMENT OF NEUROSCIENCE, WAGGONER CENTER FOR ALCOHOL, AND ADDICTION RESEARCH, THE UNIVERSITY OF TEXAS, AUSTIN, AUSTIN,       TX,       78705",78705
"LEARNING, MEMORY AND DECISION NEUROSCIENCE STUDY SECTION",LMDN,06/13/24,"MAUK, MICHAEL D","MAUK, MICHAEL  D, PHD",MAUK,MICHAEL D,MICHAEL,6/13/2024,"PROFESSOR, DEPARTMENT OF NEUROSCIENCE, UNIVERSITY OF TEXAS, AUSTIN, AUSTIN,       TX,       78712",78712
MODELING AND ANALYSIS OF BIOLOGICAL SYSTEMS STUDY SECTION,MABS,06/07/22,"SACKS, MICHAEL S","SACKS, MICHAEL S,  PHD*",SACKS,MICHAEL S,MICHAEL,06/07/22 -,"PROFESSOR, DEPARTMENT OF BIOMEDICAL ENGINEERING, UNIVERSITY OF TEXAS AT AUSTIN, AUSTIN, TX, 78712",78712
MODELING AND ANALYSIS OF BIOLOGICAL SYSTEMS STUDY SECTION,MABS,11/02/23,"BIROS, GEORGE","BIROS, GEORGE, PHD",BIROS,GEORGE,GEORGE,11/2/2023,"PROFESSOR, DEPARTMENT OF MECHANICAL ENGINEERING, INSTITUTE FOR COMPUTATIONAL ENGINEERING & SCIENCES, UNIVERSITY OF  TEXAS, AUSTIN,       TX,       787121229",78712
MODELING AND ANALYSIS OF BIOLOGICAL SYSTEMS STUDY SECTION,MABS,06/27/24,"HOSSAIN, SHAOLIE SAMIRA","HOSSAIN, SHAOLIE  SAMIRA, PHD",HOSSAIN,SHAOLIE SAMIRA,SHAOLIE,6/27/2024,"RESEARCH ASSOCIATE PROFESSOR, ODEN INSTITUTE FOR, COMPUTATIONAL ENGINEEROING & SCIENCES, AUSTIN,       TX,       78712",78712
MECHANISMS OF CANCER THERAPEUTICS C STUDY SECTION ,MCTC,10/26/23,"TIZIANI, STEFANO","TIZIANI, STEFANO, PHD",TIZIANI,STEFANO,STEFANO,10/26/2023,"ASSOCIATE PROFESSOR, DEPARTMENT OF NUTRITIONAL SCIENCES, DELL PEDIATRIC RESEARCH INSTITUTE, DELL MEDICAL SCHOOL, UNIVERSITY OF TEXAS AT AUSTIN, AUSTIN,       TX,       78723",78723
"MOTOR FUNCTION, SPEECH AND REHABILITATION STUDY SECTION",MFSR,02/07/22,"WANG, JUN","WANG, JUN, PHD*",WANG,JUN,JUN,02/07/22 - 02/08/22,"ASSOCIATE PROFESSOR, DEPARTMENT OF SPEECH, LANGUAGE, AND HEARING SCIENCE, UNIVERSITY OF TEXAS AT AUSTIN, AUSTIN, TX, 78712",78712
"MOTOR FUNCTION, SPEECH AND REHABILITATION STUDY SECTION",MFSR,03/04/24,"HUSSAIN, SARA J","HUSSAIN, SARA  J, PHD",HUSSAIN,SARA J,SARA,3/4/2024,"ASSISTANT PROFESSOR, DEPARTMENT OF KINESIOLOGY AND HEALTH EDUCATION, UNIVERSITY OF TEXAS-AUSTIN, AUSTIN,       TX,       78712",78712
MOLECULAR GENETICS STUDY SECTION,MG,10/26/23,"KIM, NAYUN","KIM, NAYUN, PHD",KIM,NAYUN,NAYUN,10/26/2023,"ASSOCIATE PROFESSOR, DIVISION OF PHARMACOLOGY AND TOXICOLOGY, THE COLLEGE OF PHARMACY, UNIVERSITY OF TEXAS AT AUSTIN, AUSTIN,       TX,       78723",78723
MOLECULAR GENETICS STUDY SECTION,MG,10/26/23,"YANG, KUN","YANG, KUN, PHD",YANG,KUN,KUN,10/26/2023,"ASSISTANT PROFESSOR, DEPARTMENT OF CHEMICAL BIOLOGY, AND MEDICINAL CHEMISTRY, UNIVERSITY OF TEXAS AT AUSTIN, AUSTIN,       TX,       78712",78712
MOLECULAR GENETICS STUDY SECTION,MG,02/22/24,"KIM, NAYUN","KIM, NAYUN, PHD",KIM,NAYUN,NAYUN,2/22/2024,"ASSOCIATE PROFESSOR, DIVISION OF PHARMACOLOGY AND TOXICOLOGY, THE COLLEGE OF PHARMACY, UNIVERSITY OF TEXAS AT AUSTIN, AUSTIN,       TX,       78723",78723
MAXIMIZING INVESTIGATORSÃ¢â¬â¢ RESEARCH AWARD A STUDY SECTION,MRAA,06/10/21,"HARSHEY, RASIKA M","HARSHEY, RASIKA M, PHD",HARSHEY,RASIKA M,RASIKA,06/10/21 - 06/11/21,"PROFESSOR, DEPARTMENT OF MOLECULAR BIOSCIENCES, UNIVERSITY OF TEXAS AT AUSTIN, AUSTIN, TX, 78712",78712
MAXIMIZING INVESTIGATORSÃ¢â¬â¢ RESEARCH AWARD A STUDY SECTION,MRAA,10/14/21,"HARSHEY, RASIKA M","HARSHEY, RASIKA M, PHD",HARSHEY,RASIKA M,RASIKA,10/14/21 - 10/15/21,"PROFESSOR, DEPARTMENT OF MOLECULAR BIOSCIENCES, UNIVERSITY OF TEXAS AT AUSTIN, AUSTIN, TX, 78712",78712
MAXIMIZING INVESTIGATORSâ RESEARCH AWARD A STUDY SECTION,MRAA,10/12/22,"HARSHEY, RASIKA M","HARSHEY, RASIKA M,  PHD",HARSHEY,RASIKA M,RASIKA,10/12/22 -,"PROFESSOR, DEPARTMENT OF MOLECULAR BIOSCIENCES, UNIVERSITY OF TEXAS AT AUSTIN, AUSTIN, TX, 78712",78712
MAXIMIZING INVESTIGATORSâ RESEARCH AWARD A STUDY SECTION,MRAA,02/27/23,"HARSHEY, RASIKA M","HARSHEY, RASIKA M,  PHD",HARSHEY,RASIKA M,RASIKA,2/27/2023,"PROFESSOR, DEPARTMENT OF MOLECULAR BIOSCIENCES, UNIVERSITY OF TEXAS AT AUSTIN, AUSTIN, TX, 78712",78712
MAXIMIZING INVESTIGATORSâ RESEARCH AWARD A STUDY SECTION,MRAA,06/12/23,"HARSHEY, RASIKA M","HARSHEY, RASIKA M,  PHD",HARSHEY,RASIKA M,RASIKA,6/12/2023,"PROFESSOR, DEPARTMENT OF MOLECULAR BIOSCIENCES, UNIVERSITY OF TEXAS AT AUSTIN, AUSTIN, TX, 78712",78712
MAXIMIZING INVESTIGATORS? RESEARCH AWARD A STUDY SECTION,MRAA,10/19/23,"HARSHEY, RASIKA M","HARSHEY, RASIKA  M, PHD",HARSHEY,RASIKA M,RASIKA,10/19/2023,"PROFESSOR, DEPARTMENT OF MOLECULAR BIOSCIENCES, UNIVERSITY OF TEXAS AT AUSTIN, AUSTIN,       TX,       78712",78712
MAXIMIZING INVESTIGATORS? RESEARCH AWARD A STUDY SECTION,MRAA,02/20/24,"HARSHEY, RASIKA M","HARSHEY, RASIKA  M, PHD",HARSHEY,RASIKA M,RASIKA,2/20/2024,"PROFESSOR, DEPARTMENT OF MOLECULAR BIOSCIENCES, UNIVERSITY OF TEXAS AT AUSTIN, AUSTIN,       TX,       78712",78712
MAXIMIZING INVESTIGATORS? RESEARCH AWARD A STUDY SECTION,MRAA,07/01/24,"HARSHEY, RASIKA M","HARSHEY, RASIKA  M, PHD",HARSHEY,RASIKA M,RASIKA,7/1/2024,"PROFESSOR, DEPARTMENT OF MOLECULAR BIOSCIENCES, UNIVERSITY OF TEXAS AT AUSTIN, AUSTIN,       TX,       78712",78712
MAXIMIZING INVESTIGATORSÃ¢â¬â¢ RESEARCH AWARD B STUDY SECTION,MRAB,07/01/21,"BRODBELT, JENNIFER S","BRODBELT, JENNIFER S, PHD",BRODBELT,JENNIFER S,JENNIFER,07/01/21 - 07/02/21,"PROFESSOR, DEPARTMENT OF CHEMISTRY, UNIVERSITY OF TEXAS, AUSTIN, TX, 78712",78712
MAXIMIZING INVESTIGATORSÃ¢â¬â¢ RESEARCH AWARD B STUDY SECTION,MRAB,11/18/21,"BRODBELT, JENNIFER S","BRODBELT, JENNIFER S, PHD",BRODBELT,JENNIFER S,JENNIFER,11/18/21 - 11/19/21,"PROFESSOR, DEPARTMENT OF CHEMISTRY, UNIVERSITY OF TEXAS, AUSTIN, TX, 78712",78712
MAXIMIZING INVESTIGATORSÃ¢â¬â¢ RESEARCH AWARD B STUDY SECTION,MRAB,11/18/21,"CONTRERAS, LYDIA MARIA","CONTRERAS, LYDIA MARIA, PHD*",CONTRERAS,LYDIA MARIA,LYDIA,11/18/21 - 11/19/21,"ASSOCIATE PROFESSOR, DEPARTMENT OF CHEMICAL ENGINEERING, AND CELL MOLECULAR BIOLOGY, THE UNIVERSITY OF TEXAS AT AUSTIN, AUSTIN, TX, 78712",78712
MAXIMIZING INVESTIGATORSÃ¢â¬â¢ RESEARCH AWARD B STUDY SECTION,MRAB,03/10/22,"BRODBELT, JENNIFER S","BRODBELT, JENNIFER S, PHD",BRODBELT,JENNIFER S,JENNIFER,03/10/22 - 03/11/22,"PROFESSOR, DEPARTMENT OF CHEMISTRY, UNIVERSITY OF TEXAS, AUSTIN, TX, 78712",78712
MAXIMIZING INVESTIGATORSâ RESEARCH AWARD B STUDY SECTION,MRAB,06/28/22,"BRODBELT, JENNIFER S","BRODBELT, JENNIFER S,  PHD",BRODBELT,JENNIFER S,JENNIFER,06/28/22 -,"PROFESSOR, DEPARTMENT OF CHEMISTRY, UNIVERSITY OF TEXAS, AUSTIN, TX, 78712",78712
MAXIMIZING INVESTIGATORSâ RESEARCH AWARD B STUDY SECTION,MRAB,10/20/22,"BRODBELT, JENNIFER S","BRODBELT, JENNIFER S,  PHD",BRODBELT,JENNIFER S,JENNIFER,10/20/22 -,"PROFESSOR, DEPARTMENT OF CHEMISTRY, UNIVERSITY OF TEXAS, AUSTIN, TX, 78712",78712
MAXIMIZING INVESTIGATORSâ RESEARCH AWARD B STUDY SECTION,MRAB,03/09/23,"BRODBELT, JENNIFER S","BRODBELT, JENNIFER S,  PHD",BRODBELT,JENNIFER S,JENNIFER,3/9/2023,"PROFESSOR, DEPARTMENT OF CHEMISTRY, UNIVERSITY OF TEXAS, AUSTIN, TX, 78712",78712
MAXIMIZING INVESTIGATORSâ RESEARCH AWARD B STUDY SECTION,MRAB,06/29/23,"BRODBELT, JENNIFER S","BRODBELT, JENNIFER S,  PHD",BRODBELT,JENNIFER S,JENNIFER,6/29/2023,"PROFESSOR, DEPARTMENT OF CHEMISTRY, UNIVERSITY OF TEXAS, AUSTIN, TX, 78712",78712
MAXIMIZING INVESTIGATORSÃ¢â¬â¢ RESEARCH AWARD C STUDY SECTION,MRAC,03/03/22,"SUNG, SIBUM","SUNG, SIBUM, PHD*",SUNG,SIBUM,SIBUM,03/03/22 - 03/04/22,"ASSOCIATE PROFESSOR, DEPARTMENT OF MOLECULAR BIOSCIENCES, COLLEGE OF NATURAL SCIENCES, THE UNIVERSITY OF TEXAS AT AUSTIN, AUSTIN, TX, 78712",78712
MAXIMIZING INVESTIGATORS? RESEARCH AWARD C STUDY SECTION,MRAC,02/29/24,"LOPEZ-MOSQUEDA, JAIME","LOPEZ-MOSQUEDA, JAIME, PHD",LOPEZ-MOSQUEDA,JAIME,JAIME,2/29/2024,"ASSISTANT PROFESSOR, DEPARTMENT OF MOLECULAR BIOSCIENCES, UNIVERSITY OF TEXAS AT AUSTIN, AUSTIN,       TX,       78712",78712
MAXIMIZING INVESTIGATORS' RESEARCH AWARD - E STUDY SECTION,MRAE,10/17/23,"STACHOWIAK, JEANNE CASSTEVENS","STACHOWIAK, JEANNE  CASSTEVENS, PHD",STACHOWIAK,JEANNE CASSTEVENS,JEANNE,10/17/2023,"PROFESSOR, DEPARTMENT OF CHEMICAL ENGINEERING, DEPARTMENT OF BIOMEDICAL ENGINEERING, THE UNIVERSITY OF TEXAS AT AUSTIN, AUSTIN,       TX,       78712",78712
MAXIMIZING INVESTIGATORS' RESEARCH AWARD - E STUDY SECTION,MRAE,03/05/24,"STACHOWIAK, JEANNE CASSTEVENS","STACHOWIAK, JEANNE  CASSTEVENS, PHD",STACHOWIAK,JEANNE CASSTEVENS,JEANNE,3/5/2024,"PROFESSOR, DEPARTMENT OF CHEMICAL ENGINEERING, DEPARTMENT OF BIOMEDICAL ENGINEERING, THE UNIVERSITY OF TEXAS AT AUSTIN, AUSTIN,       TX,       78712",78712
MAXIMIZING INVESTIGATORS' RESEARCH AWARD - E STUDY SECTION,MRAE,06/20/24,"STACHOWIAK, JEANNE CASSTEVENS","STACHOWIAK, JEANNE  CASSTEVENS, PHD",STACHOWIAK,JEANNE CASSTEVENS,JEANNE,6/20/2024,"PROFESSOR, DEPARTMENT OF CHEMICAL ENGINEERING, DEPARTMENT OF BIOMEDICAL ENGINEERING, THE UNIVERSITY OF TEXAS AT AUSTIN, AUSTIN,       TX,       78712",78712
MUSCULOSKELETAL REHABILITATION SCIENCES STUDY SECTION,MRS,02/08/24,"NEPTUNE, RICHARD R","NEPTUNE, RICHARD  R, PHD",NEPTUNE,RICHARD R,RICHARD,2/8/2024,"PROFESSOR, WILLIAM AND BETTYE NOWLIN CHAIR IN ENGINEERING, DEPARTMENT OF MECHANICAL ENGINEERING, UNIVERSITY OF TEXAS AT AUSTIN, AUSTIN,       TX,       787120292",78712
MUSCULOSKELETAL REHABILITATION SCIENCES STUDY SECTION,MRS,06/13/24,"GRIFFIN, LISA","GRIFFIN, LISA, PHD",GRIFFIN,LISA,LISA,6/13/2024,"ASSOCIATE PROFESSOR, DEPARTMENT OF KINESIOLOGY AND, HEALTH EDUCATION, THE UNIVERSITY OF TEXAS AT AUSTIN, AUSTIN,       TX,       78712",78712
MACROMOLECULAR STRUCTURE AND FUNCTION A STUDY SECTION,MSFA,06/07/21,"ZHANG, YAN JESSIE","ZHANG, YAN JESSIE, PHD",ZHANG,YAN JESSIE,YAN,06/07/21 - 06/08/21,"ASSOCIATE PROFESSOR, DEPARTMENT OF MOLECULAR BIOSCIENCES, UNIVERSITY OF TEXAS-AUSTIN, AUSTIN, TX, 78712",78712
MACROMOLECULAR STRUCTURE AND FUNCTION A STUDY SECTION,MSFA,10/12/21,"ZHANG, YAN JESSIE","ZHANG, YAN JESSIE, PHD",ZHANG,YAN JESSIE,YAN,10/12/21 - 10/13/21,"ASSOCIATE PROFESSOR, DEPARTMENT OF MOLECULAR BIOSCIENCES, UNIVERSITY OF TEXAS-AUSTIN, AUSTIN, TX, 78712",78712
MACROMOLECULAR STRUCTURE AND FUNCTION A STUDY SECTION,MSFA,06/06/22,"ZHANG, YAN JESSIE","ZHANG, YAN JESSIE,  PHD",ZHANG,YAN JESSIE,YAN,06/06/22 -,"PROFESSOR, DEPARTMENT OF MOLECULAR BIOSCIENCES, UNIVERSITY OF TEXAS-AUSTIN, AUSTIN, TX, 78712",78712
MACROMOLECULAR STRUCTURE AND FUNCTION A STUDY SECTION,MSFA,10/25/22,"ZHANG, YAN JESSIE","ZHANG, YAN JESSIE,  PHD",ZHANG,YAN JESSIE,YAN,10/25/2022,"PROFESSOR, DEPARTMENT OF MOLECULAR BIOSCIENCES, UNIVERSITY OF TEXAS-AUSTIN, AUSTIN, TX, 78712",78712
MACROMOLECULAR STRUCTURE AND FUNCTION A STUDY SECTION,MSFA,03/07/23,"ZHANG, YAN JESSIE","ZHANG, YAN JESSIE,  PHD",ZHANG,YAN JESSIE,YAN,3/7/2023,"PROFESSOR, DEPARTMENT OF MOLECULAR BIOSCIENCES, UNIVERSITY OF TEXAS-AUSTIN, AUSTIN, TX, 78712",78712
MACROMOLECULAR STRUCTURE AND FUNCTION A STUDY SECTION,MSFA,06/06/23,"BERRONDO, MONICA","BERRONDO, MONICA,  PHD*",BERRONDO,MONICA,MONICA,6/6/2023,"CEO, MACROMOLTEK, AUSTIN, TX, 787455288",78745
MACROMOLECULAR STRUCTURE AND FUNCTION A STUDY SECTION,MSFA,06/06/23,"ZHANG, YAN JESSIE","ZHANG, YAN JESSIE,  PHD",ZHANG,YAN JESSIE,YAN,6/6/2023,"PROFESSOR, DEPARTMENT OF MOLECULAR BIOSCIENCES, UNIVERSITY OF TEXAS-AUSTIN, AUSTIN, TX, 78712",78712
MACROMOLECULAR STRUCTURE AND FUNCTION A STUDY SECTION,MSFA,10/03/23,"ZHANG, YAN JESSIE","ZHANG, YAN  JESSIE, PHD",ZHANG,YAN JESSIE,YAN,10/3/2023,"PROFESSOR, DEPARTMENT OF MOLECULAR BIOSCIENCES, UNIVERSITY OF TEXAS-AUSTIN, AUSTIN,       TX,       78712",78712
MACROMOLECULAR STRUCTURE AND FUNCTION A STUDY SECTION,MSFA,02/27/24,"ZHANG, YAN JESSIE","ZHANG, YAN  JESSIE, PHD",ZHANG,YAN JESSIE,YAN,2/27/2024,"PROFESSOR, DEPARTMENT OF MOLECULAR BIOSCIENCES, UNIVERSITY OF TEXAS-AUSTIN, AUSTIN,       TX,       78712",78712
MACROMOLECULAR STRUCTURE AND FUNCTION A STUDY SECTION,MSFA,05/29/24,"ZHANG, YAN JESSIE","ZHANG, YAN  JESSIE, PHD",ZHANG,YAN JESSIE,YAN,5/29/2024,"PROFESSOR, DEPARTMENT OF MOLECULAR BIOSCIENCES, UNIVERSITY OF TEXAS-AUSTIN, AUSTIN,       TX,       78712",78712
MACROMOLECULAR STRUCTURE AND FUNCTION C STUDY SECTION,MSFC,06/10/21,"TAYLOR, DAVID W","TAYLOR, DAVID W, PHD*",TAYLOR,DAVID W,DAVID,06/10/21 - 06/11/21,"ASSISTANT PROFESSOR AND CPRIT SCHOLAR, DEPARTMENT OF MOLECULAR BIOSCIENCES, UNIVERSITY OF TEXAS AT AUSTIN, AUSTIN, TX, 78712",78712
NEUROTOXICOLOGY AND ALCOHOL STUDY SECTION,NAL,06/03/21,"FONKEN, LAURA K","FONKEN, LAURA K, PHD*",FONKEN,LAURA K,LAURA,06/03/21 - 06/04/21,"ASSISTANT PROFESSOR, DEPARTMENT OF PSYCHOLOGY, UNIVERSITY OF TEXAS, AUSTIN, AUSTIN, TX, 78712",78712
NEUROTOXICOLOGY AND ALCOHOL STUDY SECTION,NAL,02/16/23,"LEE, HONGJOOJOANNE","LEE, HONGJOOJOANNE,  PHD*",LEE,HONGJOOJOANNE,HONGJOOJOANNE,2/16/2023,"ASSISTANT PROFESSOR, DEPARTMENT OF PSYCHOLOGY, THE UNIVERSITY OF TEXAS AT AUSTIN, AUSTIN, TX, 78712-104",78712
NEUROTOXICOLOGY AND ALCOHOL STUDY SECTION,NAL,10/10/23,"MANGIERI, REGINA A.","MANGIERI, REGINA  A., PHD",MANGIERI,REGINA A.,REGINA,10/10/2023,"ASSISTANT PROFESSOR, DIVISION OF PHARMACOLOGY AND TOXICOLOGY, COLLEGE OF PHARMACY, UNIVERSITY OF TEXAS AT AUSTIN, AUSTIN,       TX,       78712",78712
NANOTECHNOLOGY STUDY SECTION,NANO,10/13/21,"SMYTH, HUGH DAVID","SMYTH, HUGH DAVID, PHD*",SMYTH,HUGH DAVID,HUGH,10/13/21 - 10/14/21,"ASSOCIATE PROFESSOR, DIVISION OF PHARMACEUTICS, COLLEGE OF PHARMACY, UNIVERSITY OF TEXAS AT AUSTIN, AUSTIN, TX, 78712",78712
NEUROSCIENCE OF BASIC VISUAL PROCESSES STUDY SECTION,NBVP,06/09/21,"HUK, ALEXANDER C","HUK, ALEXANDER C, PHD",HUK,ALEXANDER C,ALEXANDER,06/09/21 - 06/09/21,"DIRECTOR AND PROFESSOR, CENTER FOR PERCEPTUAL SYSTEMS, THE UNIVERSITY OF TEXAS AT AUSTIN, AUSTIN, TX, 78712",78712
NEUROSCIENCE OF BASIC VISUAL PROCESSES STUDY SECTION,NBVP,02/09/22,"HUK, ALEXANDER C","HUK, ALEXANDER C, PHD",HUK,ALEXANDER C,ALEXANDER,02/09/22 - 02/10/22,"DIRECTOR AND PROFESSOR, CENTER FOR PERCEPTUAL SYSTEMS, THE UNIVERSITY OF TEXAS AT AUSTIN, AUSTIN, TX, 78712",78712
NEUROSCIENCE OF BASIC VISUAL PROCESSES STUDY SECTION,NBVP,06/08/22,"HUK, ALEXANDER C","HUK, ALEXANDER C,  PHD",HUK,ALEXANDER C,ALEXANDER,06/08/22 -,"DIRECTOR AND PROFESSOR, CENTER FOR PERCEPTUAL SYSTEMS, THE UNIVERSITY OF TEXAS AT AUSTIN, AUSTIN, TX, 78712",78712
NEUROSCIENCE OF BASIC VISUAL PROCESSES STUDY SECTION,NBVP,09/29/22,"GORIS, ROBBE L","GORIS, ROBBE L,  PHD*",GORIS,ROBBE L,ROBBE,09/29/22 -,"ASSISTANT PROFESSOR, DEPARTMENT OF PSYCHOLOGY, UNIVERSITY OF TEXAS AT AUSTIN, AUSTIN, TX, 78712",78712
NEUROSCIENCE OF BASIC VISUAL PROCESSES STUDY SECTION,NBVP,06/07/23,"SEIDEMANN, EYALJ","SEIDEMANN, EYALJ,  PHD*",SEIDEMANN,EYALJ,EYALJ,6/7/2023,"PROFESSOR, DEPARTMENTS OF PSYCHOLOGY AND NEUROSCIENCE, UNIVERSITY OF TEXAS AT AUSTIN, AUSTIN, TX, 78712",78712
NEUROBIOLOGY OF MOTIVATED BEHAVIOR STUDY SECTION,NMB,11/02/23,"NATIVIDAD, LUIS A","NATIVIDAD, LUIS  A, PHD",NATIVIDAD,LUIS A,LUIS,11/2/2023,"ASSISTANT PROFESSOR, COLLEGE OF PHARMACY, DIVISION OF PHARMACOLOGY AND TOXICOLOGY, UNIVERSITY OF TEXAS AT AUSTIN, AUSTIN,       TX,       78712",78712
NEUROBIOLOGY OF MOTIVATED BEHAVIOR STUDY SECTION,NMB,06/20/24,"NATIVIDAD, LUIS ALBERTO","NATIVIDAD, LUIS  ALBERTO, PHD",NATIVIDAD,LUIS ALBERTO,LUIS,6/20/2024,"ASSISTANT PROFESSOR, DEPARTMENT OF PHARMACOLOGY AND TOXICOLOGY, COLLEGE OF PHARMACY, THE UNIVERSITY OF TEXAS AT AUSTIN, AUSTIN,       TX,       78712",78712
"NEUROLOGICAL, MENTAL AND BEHAVIORAL HEALTH STUDY SECTION",NMBH,10/17/22,"TUCKER-DROB, ELLIOT M","TUCKER-DROB, ELLIOT M,  PHD,  MA*",TUCKER-DROB,ELLIOT M,ELLIOT,10/17/22 -,"ASSOCIATE PROFESSOR, DEPARTMENT OF PSYCHOLOGY, UNIVERSITY OF TEXAS AT AUSTIN, AUSTIN, TX, 78712",78712
"NEUROLOGICAL, MENTAL AND BEHAVIORAL HEALTH STUDY SECTION",NMBH,10/19/23,"TUCKER-DROB, ELLIOT M","TUCKER-DROB, ELLIOT  M, PHD",TUCKER-DROB,ELLIOT M,ELLIOT,10/19/2023,"PROFESSOR, DEPARTMENT OF PSYCHOLOGY, UNIVERSITY OF TEXAS AT AUSTIN, AUSTIN,       TX,       78712",78712
"NEUROLOGICAL, MENTAL AND BEHAVIORAL HEALTH STUDY SECTION",NMBH,02/21/24,"TUCKER-DROB, ELLIOT M","TUCKER-DROB, ELLIOT  M, PHD",TUCKER-DROB,ELLIOT M,ELLIOT,2/21/2024,"PROFESSOR, DEPARTMENT OF PSYCHOLOGY, UNIVERSITY OF TEXAS AT AUSTIN, AUSTIN,       TX,       78712",78712
"NEUROLOGICAL, MENTAL AND BEHAVIORAL HEALTH STUDY SECTION",NMBH,05/30/24,"TUCKER-DROB, ELLIOT M","TUCKER-DROB, ELLIOT  M, PHD",TUCKER-DROB,ELLIOT M,ELLIOT,5/30/2024,"PROFESSOR, DEPARTMENT OF PSYCHOLOGY, UNIVERSITY OF TEXAS AT AUSTIN, AUSTIN,       TX,       78712",78712
NEURAL OXIDATIVE METABOLISM AND DEATH STUDY SECTION,NOMD,11/08/21,"KESLER, SHELLI R","KESLER, SHELLI R, PHD",KESLER,SHELLI R,SHELLI,11/08/21 - 11/10/21,"ASSOCIATE PROFESSOR, DEPARTMENT OF DIAGNOSTIC MEDICINE, SCHOOL OF NURSING, DELL SCHOOL OF MEDICINE, THE UNIVERSITY OF TEXAS AT AUSTIN, AUSTIN, TX, 78712",78712
"NEURAL BASIS OF PSYCHOPATHOLOGY, ADDICTIONS AND SLEEP DISORDERS STUDY SECTION",NPAS,10/20/22,"JABBI, MBEMBA","JABBI, MBEMBA,  MS,  PHD*",JABBI,MBEMBA,MBEMBA,10/20/22 -,"ASSISTANT PROFESSOR, DEPARTMENT OF PSYCHOLOGY, UNIVERSITY OF TEXAS, AUSTIN, TX, 78712",78712
"NEURAL BASIS OF PSYCHOPATHOLOGY, ADDICTIONS AND SLEEP DISORDERS STUDY SECTION",NPAS,02/16/23,"JABBI, MBEMBA","JABBI, MBEMBA,  MS,  PHD*",JABBI,MBEMBA,MBEMBA,2/16/2023,"ASSISTANT PROFESSOR, UNIVERSITY OF TEXAS AT AUSTIN, DEPARTMENT OF PSYCHIATRY, DELL MEDICAL SCHOOL, AUSTIN, TX, 78712",78712
"NEURAL BASIS OF PSYCHOPATHOLOGY, ADDICTIONS AND SLEEP DISORDERS STUDY SECTION",NPAS,10/12/23,"JABBI, MBEMBA","JABBI, MBEMBA, PHD",JABBI,MBEMBA,MBEMBA,10/12/2023,"ASSISTANT PROFESSOR, DEPARTMENT OF PSYCHIATRY AND, BEHAVIORAL SCIENCES, DELL MEDICAL SCHOOL, UNIVERSITY OF TEXAS AT AUSTIN, AUSTIN,       TX,       78712",78712
"NEURAL BASIS OF PSYCHOPATHOLOGY, ADDICTIONS AND SLEEP DISORDERS STUDY SECTION",NPAS,02/22/24,"JABBI, MBEMBA","JABBI, MBEMBA, PHD",JABBI,MBEMBA,MBEMBA,2/22/2024,"ASSISTANT PROFESSOR, DEPARTMENT OF PSYCHIATRY AND, BEHAVIORAL SCIENCES, DELL MEDICAL SCHOOL, UNIVERSITY OF TEXAS AT AUSTIN, AUSTIN,       TX,       78712",78712
"NEURAL BASIS OF PSYCHOPATHOLOGY, ADDICTIONS AND SLEEP DISORDERS STUDY SECTION",NPAS,06/20/24,"JABBI, MBEMBA","JABBI, MBEMBA, PHD",JABBI,MBEMBA,MBEMBA,6/20/2024,"ASSISTANT PROFESSOR, DEPARTMENT OF PSYCHIATRY AND, BEHAVIORAL SCIENCES, DELL MEDICAL SCHOOL, UNIVERSITY OF TEXAS AT AUSTIN, AUSTIN,       TX,       78712",78712
"ORAL, DENTAL AND CRANIOFACIAL SCIENCES STUDY SECTION",ODCS,02/24/22,"MOLINEUX, IAN J","MOLINEUX, IAN J, PHD",MOLINEUX,IAN J,IAN,02/24/22 - 02/25/22,"PROFESSOR, DEPARTMENT OF MOLECULAR, GENETICS AND MICROBIOLOGY, COLLEGE OF NATURAL SCIENCES, UNIVERSITY OF TEXAS AT AUSTIN, AUSTIN, TX, 787121095",78712
ORGANIZATION AND DELIVERY OF HEALTH SERVICES STUDY SECTION,ODHS,03/03/22,"HAMPTON, LAUREN H","HAMPTON, LAUREN H, PHD*",HAMPTON,LAUREN H,LAUREN,03/03/22 - 03/04/22,"ASSISTANT PROFESSOR, DEPARTMENT OF SPECIAL EDUCATION, COLLEGE OF EDUCATION, UNIVERSITY OF TEXAS AT AUSTIN, AUSTIN, TX, 78759",78759
PROKARYOTIC CELL AND MOLECULAR BIOLOGY STUDY SECTION,PCMB,06/21/21,"FINKELSTEIN, ILYA J","FINKELSTEIN, ILYA J, PHD*",FINKELSTEIN,ILYA J,ILYA,06/21/21 - 06/22/21,"ASSISTANT PROFESSOR, MOLECULAR BIOSCIENCES, COLLEGE OF NATURAL SCIENCES, UNIVERSITY OF TEXAS AT AUSTIN, AUSTIN, TX, 78712",78712
PROKARYOTIC CELL AND MOLECULAR BIOLOGY STUDY SECTION,PCMB,02/07/22,"CONTRERAS, LYDIA MARIA","CONTRERAS, LYDIA MARIA, PHD*",CONTRERAS,LYDIA MARIA,LYDIA,02/07/22 - 02/08/22,"ASSOCIATE PROFESSOR, DEPARTMENT OF CHEMICAL ENGINEERING, AND CELL MOLECULAR BIOLOGY, THE UNIVERSITY OF TEXAS AT AUSTIN, AUSTIN, TX, 78712",78712
PATHOPHYSIOLOGICAL BASIS OF MENTAL DISORDERS AND ADDICTIONS STUDY SECTION,PMDA,02/02/22,"MORIKAWA, HITOSHI","MORIKAWA, HITOSHI, MD, PHD*",MORIKAWA,HITOSHI,HITOSHI,02/02/22 - 02/03/22,"ASSOCIATE PROFESSOR, DEPARTMENT OF NEUROSCIENCE., WAGGONER CENTER FOR ALCOHOL AND ADDICTION RESEARCH, UNIVERSITY OF TEXAS AT AUSTIN, AUSTIN, TX, 78712",78712
PATHOPHYSIOLOGICAL BASIS OF MENTAL DISORDERS AND ADDICTIONS STUDY SECTION,PMDA,09/28/22,"MORIKAWA, HITOSHI","MORIKAWA, HITOSHI,  MD,  PHD*",MORIKAWA,HITOSHI,HITOSHI,09/28/22 -,"ASSOCIATE PROFESSOR, DEPARTMENT OF NEUROSCIENCE., WAGGONER CENTER FOR ALCOHOL AND ADDICTION RESEARCH, UNIVERSITY OF TEXAS AT AUSTIN, AUSTIN, TX, 78712",78712
PATHOPHYSIOLOGICAL BASIS OF MENTAL DISORDERS AND ADDICTIONS STUDY SECTION,PMDA,05/31/23,"MORIKAWA, HITOSHI","MORIKAWA, HITOSHI,  MD,  PHD*",MORIKAWA,HITOSHI,HITOSHI,5/31/2023,"ASSOCIATE PROFESSOR, DEPARTMENT OF NEUROSCIENCE., WAGGONER CENTER FOR ALCOHOL AND ADDICTION RESEARCH, UNIVERSITY OF TEXAS AT AUSTIN, AUSTIN, TX, 78712",78712
PATHOPHYSIOLOGICAL BASIS OF MENTAL DISORDERS AND ADDICTIONS STUDY SECTION,PMDA,09/27/23,"MORIKAWA, HITOSHI","MORIKAWA, HITOSHI, MD, PHD",MORIKAWA,HITOSHI,HITOSHI,9/27/2023,"ASSOCIATE PROFESSOR, DEPARTMENT OF NEUROSCIENCE., WAGGONER CENTER FOR ALCOHOL AND ADDICTION RESEARCH, UNIVERSITY OF TEXAS AT AUSTIN, AUSTIN,       TX,       78712",78712
PATHOPHYSIOLOGICAL BASIS OF MENTAL DISORDERS AND ADDICTIONS STUDY SECTION,PMDA,02/07/24,"MORIKAWA, HITOSHI","MORIKAWA, HITOSHI, MD, PHD",MORIKAWA,HITOSHI,HITOSHI,2/7/2024,"ASSOCIATE PROFESSOR, DEPARTMENT OF NEUROSCIENCE., WAGGONER CENTER FOR ALCOHOL AND ADDICTION RESEARCH, UNIVERSITY OF TEXAS AT AUSTIN, AUSTIN,       TX,       78712",78712
PATHOPHYSIOLOGICAL BASIS OF MENTAL DISORDERS AND ADDICTIONS STUDY SECTION,PMDA,05/29/24,"MORIKAWA, HITOSHI","MORIKAWA, HITOSHI, MD, PHD",MORIKAWA,HITOSHI,HITOSHI,5/29/2024,"ASSOCIATE PROFESSOR, DEPARTMENT OF NEUROSCIENCE., WAGGONER CENTER FOR ALCOHOL AND ADDICTION RESEARCH, UNIVERSITY OF TEXAS AT AUSTIN, AUSTIN,       TX,       78712",78712
PREGNANCY AND NEONATOLOGY STUDY SECTION,PN,06/28/21,"HARPER, LORIE M","HARPER, LORIE M, MD*",HARPER,LORIE M,LORIE,06/28/21 - 06/30/21,"ASSOCIATE PROFESSOR, DIVISION OF MATERNAL-FETAL MEDICINE, UNIVERSITY OF TEXAS, DELL MEDICAL SCHOOL, AUSTIN, TX, 78730",78730
PREGNANCY AND NEONATOLOGY STUDY SECTION,PN,10/27/22,"HARPER, LORIE M","HARPER, LORIE M,  MD*",HARPER,LORIE M,LORIE,10/27/2022,"ASSOCIATE PROFESSOR, DIVISION OF MATERNAL-FETAL MEDICINE, UNIVERSITY OF TEXAS, DELL MEDICAL SCHOOL, AUSTIN, TX, 78730",78730
PREGNANCY AND NEONATOLOGY STUDY SECTION,PN,02/23/23,"KIM, JONGHWAN","KIM, JONGHWAN,  PHD*",KIM,JONGHWAN,JONGHWAN,2/23/2023,"ASSOCIATE PROFESSOR, DEPARTMENT OF MOLECULAR CELL, AND DEVELOPMENTAL BIOLOGY, UNIVERSITY OF TEXAS AT AUSTIN, AUSTIN, TX, 78712",78712
PREGNANCY AND NEONATOLOGY STUDY SECTION,PN,02/23/23,"MOORE, BRIANNAF","MOORE, BRIANNAF,  BS,  MS,  PHD*",MOORE,BRIANNAF,BRIANNAF,2/23/2023,"ASSISTANT PROFESSOR, THE UNIVERSITY OF TEXAS HEALTH SCIENCE, CENTER SCHOOL OF PUBLIC HEALTH IN AUSTIN, AUSTIN, TX, 78701",78701
PREGNANCY AND NEONATOLOGY STUDY SECTION,PN,10/24/23,"CAHILL, ALISON G","CAHILL, ALISON  G, MD",CAHILL,ALISON G,ALISON,10/24/2023,"PROFESSOR, DEPARTMENT OF WOMEN'S HEALTH, DELL MEDICAL SCHOOL, UNIVERSITY OF TEXAS AT AUSTIN, AUSTIN,       TX,       78712",78712
PREGNANCY AND NEONATOLOGY STUDY SECTION,PN,02/20/24,"CAHILL, ALISON G","CAHILL, ALISON  G, MD",CAHILL,ALISON G,ALISON,2/20/2024,"PROFESSOR, DEPARTMENT OF WOMEN'S HEALTH, DELL MEDICAL SCHOOL, UNIVERSITY OF TEXAS AT AUSTIN, AUSTIN,       TX,       78712",78712
PREGNANCY AND NEONATOLOGY STUDY SECTION,PN,06/17/24,"CAHILL, ALISON G","CAHILL, ALISON  G, MD",CAHILL,ALISON G,ALISON,6/17/2024,"PROFESSOR, DEPARTMENT OF WOMEN'S HEALTH, DELL MEDICAL SCHOOL, UNIVERSITY OF TEXAS AT AUSTIN, AUSTIN,       TX,       78712",78712
POPULATION BASED RESEARCH IN INFECTIOUS DISEASE STUDY SECTION,PRID,10/30/23,"MEYERS, LAUREN A","MEYERS, LAUREN  A, PHD",MEYERS,LAUREN A,LAUREN,10/30/2023,"PROFESSOR, DEPARTMENT OF INTEGRATIVE BIOLOGY, THE UNIVERSITY OF TEXAS AT AUSTIN, AUSTIN,       TX,       78712",78712
POPULATION BASED RESEARCH IN INFECTIOUS DISEASE STUDY SECTION,PRID,06/25/24,"BHAVNANI, DARLENE","BHAVNANI, DARLENE, PHD, MPH",BHAVNANI,DARLENE,DARLENE,6/25/2024,"ASSISTANT PROFESSOR, DEPARTMENT OF POPULATION HEALTH, DELL MEDICAL SCHOOL, THE UNIVERSITY OF TEXAS AT AUSTIN, AUSTIN,       TX,       78746",78746
RADIATION THERAPEUTICS AND BIOLOGY STUDY SECTION,RTB,06/12/23,"MILLER, KYLE M","MILLER, KYLE M,  PHD*",MILLER,KYLE M,KYLE,6/12/2023,"ASSOCIATE PROFESSOR, DEPARTMENT OF MOLECULAR BIOSCIENCES, INSTITUTE FOR CELLULAR AND MOLECULAR BIOLOGY, UNIVERSITY OF TEXAS AT AUSTIN, AUSTIN, TX, 78712",78712
RADIATION THERAPEUTICS AND BIOLOGY STUDY SECTION,RTB,10/23/23,"MILLER, KYLE M","MILLER, KYLE  M, PHD",MILLER,KYLE M,KYLE,10/23/2023,"BENJAMIN CLAYTON CENTENNIAL PROFESSORSHIP IN BIOCHEMISTRY, DEPARTMENT OF MOLECULAR BIOSCIENCES, INSTITUTE FOR CELLULAR AND MOLECULAR BIOLOGY, UNIVERSITY OF TEXAS AT AUSTIN, AUSTIN,       TX,       78712",78712
SYNTHETIC AND BIOLOGICAL CHEMISTRY A STUDY SECTION,SBCA,06/01/22,"QUE, EMILY L","QUE, EMILY L,  PHD*",QUE,EMILY L,EMILY,06/01/22 -,"ASSOCIATE PROFESSOR, DEPARTMENT OF CHEMISTRY, UNIVERSITY OF TEXAS AT AUSTIN, AUSTIN, TX, 78712",78712
SCIENCE OF IMPLEMENTATION IN HEALTH AND HEALTHCARE STUDY SECTION,SIHH,06/25/24,"LOPEZ, MOLLY A","LOPEZ, MOLLY  A, PHD",LOPEZ,MOLLY A,MOLLY,6/25/2024,"RESEARCH ASSOCIATE PROFESSOR, CENTER FOR SOCIAL WORK RESEARCH, UNIVERSITY OF TEXAS AT AUSTIN, AUSTIN,       TX,       78703",78703
"SOCIAL PSYCHOLOGY, PERSONALITY AND INTERPERSONAL PROCESSES STUDY SECTION",SPIP,10/18/21,"BENNER, APRILE DAWN","BENNER, APRILE DAWN, PHD*",BENNER,APRILE DAWN,APRILE,10/18/21 - 10/19/21,"ASSOCIATE PROFESSOR, DEPARTMENT OF HUMAN DEVELOPMENT, AND FAMILY SCIENCES, UNIVERSITY OF TEXAS AT AUSTIN, AUSTIN, TX, 78712",78712
"SOCIAL PSYCHOLOGY, PERSONALITY AND INTERPERSONAL PROCESSES STUDY SECTION",SPIP,06/23/22,"FINGERMAN, KAREN L","FINGERMAN, KAREN L,  PHD*",FINGERMAN,KAREN L,KAREN,06/23/22 -,"PROFESSOR, DEPARTMENT OF HUMAN DEVELOPMENT &amp; FAMILY SCIENCES, SCHOOL OF HUMAN ECOLOGY, THE UNIVERSITY OF TEXAS AT AUSTIN, AUSTIN, TX, 78712",78712
"SOCIAL PSYCHOLOGY, PERSONALITY AND INTERPERSONAL PROCESSES STUDY SECTION",SPIP,10/19/23,"TIMMONS, ADELA","TIMMONS, ADELA, PHD",TIMMONS,ADELA,ADELA,10/19/2023,"ASSISTANT PROFESSOR, DEPARTMENT OF PSYCHOLOGY, COLLEGE OF LIBERAL ARTS, UNIVERSITY OF TEXAS, AUSTIN,       TX,       78712",78712
SOCIAL SCIENCES AND POPULATION STUDIES A STUDY SECTION,SSPA,06/07/21,"GOOSBY, BRIDGET J","GOOSBY, BRIDGET J, PHD",GOOSBY,BRIDGET J,BRIDGET,06/07/21 - 06/08/21,"PROFESSOR, DEPARTMENT OF SOCIOLOGY, UNIVERSITY OF TEXAS AT AUSTIN, AUSTIN, TX, 78712",78712
SOCIAL SCIENCES AND POPULATION STUDIES A STUDY SECTION,SSPA,10/05/21,"GOOSBY, BRIDGET J","GOOSBY, BRIDGET J, PHD",GOOSBY,BRIDGET J,BRIDGET,10/05/21 - 10/06/21,"PROFESSOR, DEPARTMENT OF SOCIOLOGY, UNIVERSITY OF TEXAS AT AUSTIN, AUSTIN, TX, 78712",78712
SOCIAL SCIENCES AND POPULATION STUDIES A STUDY SECTION,SSPA,10/18/22,"WEITZMAN, ABIGAIL MAE","WEITZMAN, ABIGAIL MAE,  PHD*",WEITZMAN,ABIGAIL MAE,ABIGAIL,10/18/22 -,"ASSISTANT PROFESSOR, DEPARTMENT OF SOCIOLOGY, UNIVERSITY OF TEXAS AT AUSTIN, AUSTIN, TX, 78712",78712
SOCIAL SCIENCES AND POPULATION STUDIES B STUDY SECTION,SSPB,06/17/21,"UMBERSON, DEBRA J","UMBERSON, DEBRA J, PHD",UMBERSON,DEBRA J,DEBRA,06/17/21 - 06/18/21,"PROFESSOR, DEPARTMENT OF SOCIOLOGY, UNIVERSITY OF TEXAS AT AUSTIN, AUSTIN, TX, 78712",78712
SOCIAL SCIENCES AND POPULATION STUDIES B STUDY SECTION,SSPB,02/17/22,"GAYDOSH, LAUREN M","GAYDOSH, LAUREN M, PHD*",GAYDOSH,LAUREN M,LAUREN,02/17/22 - 02/18/22,"ASSISTANT PROFESSOR, DEPARTMENT OF SOCIOLOGY, POPULATION RESEARCH CENTER, CENTER ON AGING AND POPULATION SCIENCES, UNIVERSITY OF TEXAS AT AUSTIN, AUSTIN, TX, 78712",78712
SOCIAL SCIENCES AND POPULATION STUDIES B STUDY SECTION,SSPB,06/23/22,"GERSHOFF, ELIZABETH T","GERSHOFF, ELIZABETH T,  PHD*",GERSHOFF,ELIZABETH T,ELIZABETH,06/23/22 -,"AMY JOHNSON MCLAUGHLIN CENTENNIAL PROFESSOR, DEPARTMENT OF HUMAN DEVELOPMENT AND FAMILY SCIENCE, DIRECTOR,  POPULATION RESEARCH CENTER, UNIVERSITY OF TEXAS AT AUSTIN, AUSTIN, TX, 78704",78704
SOCIAL SCIENCES AND POPULATION STUDIES B STUDY SECTION,SSPB,02/16/23,"THOMAS, KEVIN J A","THOMAS, KEVIN J A,  PHD*",THOMAS,KEVIN J A,KEVIN,2/16/2023,"PROFESSOR, DEPARTMENT OF AFRICAN AND AFRICAN DIASPORA STUDIES, UNIVERSITY OF TEXAS AT AUSTIN, AUSTIN, TX, 78712",78712
SOCIAL SCIENCES AND POPULATION STUDIES B STUDY SECTION,SSPB,06/22/23,"AIKEN, ABIGAIL R","AIKEN, ABIGAIL R,  PHD*",AIKEN,ABIGAIL R,ABIGAIL,6/22/2023,"ASSOCIATE PROFESSOR, LYNDON B. JOHNSON SCHOOL OF PUBLIC AFFAIRS, UNIVERSITY OF TEXAS AT AUSTIN, AUSTIN, TX, 78713",78713
SOCIAL SCIENCES AND POPULATION STUDIES B STUDY SECTION,SSPB,06/13/24,"WEITZMAN, ABIGAIL MAE","WEITZMAN, ABIGAIL  MAE, PHD",WEITZMAN,ABIGAIL MAE,ABIGAIL,6/13/2024,"ASSOCIATE PROFESSOR, DEPARTMENT OF SOCIOLOGY, UNIVERSITY OF TEXAS AT AUSTIN, AUSTIN,       TX,       78712",78712
VIRAL DYNAMICS AND TRANSMISSION STUDY SECTION ,VDT,10/26/23,"SULLIVAN, CHRISTOPHER S","SULLIVAN, CHRISTOPHER  S, PHD",SULLIVAN,CHRISTOPHER S,CHRISTOPHER,10/26/2023,"PROFESSOR, DEPARTMENT OF MOLECULAR BIOSCIENCES, COLLEGE OF NATURAL SCIENCES, UNIVERSITY OF TEXAS AT AUSTIN, AUSTIN,       TX,       78712",78712
VIRAL DYNAMICS AND TRANSMISSION STUDY SECTION ,VDT,02/22/24,"SULLIVAN, CHRISTOPHER S","SULLIVAN, CHRISTOPHER  S, PHD",SULLIVAN,CHRISTOPHER S,CHRISTOPHER,2/22/2024,"PROFESSOR, DEPARTMENT OF MOLECULAR BIOSCIENCES, COLLEGE OF NATURAL SCIENCES, UNIVERSITY OF TEXAS AT AUSTIN, AUSTIN,       TX,       78712",78712
VIRAL DYNAMICS AND TRANSMISSION STUDY SECTION ,VDT,06/20/24,"SULLIVAN, CHRISTOPHER S","SULLIVAN, CHRISTOPHER  S, PHD",SULLIVAN,CHRISTOPHER S,CHRISTOPHER,6/20/2024,"PROFESSOR, DEPARTMENT OF MOLECULAR BIOSCIENCES, COLLEGE OF NATURAL SCIENCES, UNIVERSITY OF TEXAS AT AUSTIN, AUSTIN,       TX,       78712",78712
VIROLOGY - B STUDY SECTION,VIRB,06/09/21,"SULLIVAN, CHRISTOPHER S","SULLIVAN, CHRISTOPHER S, PHD",SULLIVAN,CHRISTOPHER S,CHRISTOPHER,06/09/21 - 06/10/21,"PROFESSOR, DEPARTMENT OF MOLECULAR BIOSCIENCES, COLLEGE OF NATURAL SCIENCES, UNIVERSITY OF TEXAS AT AUSTIN, AUSTIN, TX, 78712",78712
VIROLOGY - B STUDY SECTION,VIRB,11/03/21,"SULLIVAN, CHRISTOPHER S","SULLIVAN, CHRISTOPHER S, PHD",SULLIVAN,CHRISTOPHER S,CHRISTOPHER,11/03/21 - 11/04/21,"PROFESSOR, DEPARTMENT OF MOLECULAR BIOSCIENCES, COLLEGE OF NATURAL SCIENCES, UNIVERSITY OF TEXAS AT AUSTIN, AUSTIN, TX, 78712",78712
VIROLOGY - B STUDY SECTION,VIRB,02/23/22,"SULLIVAN, CHRISTOPHER S","SULLIVAN, CHRISTOPHER S, PHD",SULLIVAN,CHRISTOPHER S,CHRISTOPHER,02/23/22 - 02/24/22,"PROFESSOR, DEPARTMENT OF MOLECULAR BIOSCIENCES, COLLEGE OF NATURAL SCIENCES, UNIVERSITY OF TEXAS AT AUSTIN, AUSTIN, TX, 78712",78712
VIROLOGY - B STUDY SECTION,VIRB,06/29/22,"SULLIVAN, CHRISTOPHER S","SULLIVAN, CHRISTOPHER S,  PHD",SULLIVAN,CHRISTOPHER S,CHRISTOPHER,06/29/22 -,"PROFESSOR, DEPARTMENT OF MOLECULAR BIOSCIENCES, COLLEGE OF NATURAL SCIENCES, UNIVERSITY OF TEXAS AT AUSTIN, AUSTIN, TX, 78712",78712
VIRAL PATHOGENESIS AND IMMUNITY STUDY SECTION,VPI,02/14/23,"SULLIVAN, CHRISTOPHER S","SULLIVAN, CHRISTOPHER S,  PHD",SULLIVAN,CHRISTOPHER S,CHRISTOPHER,2/14/2023,"PROFESSOR, DEPARTMENT OF MOLECULAR BIOSCIENCES, COLLEGE OF NATURAL SCIENCES, UNIVERSITY OF TEXAS AT AUSTIN, AUSTIN, TX, 78712",78712
VIRAL PATHOGENESIS AND IMMUNITY STUDY SECTION,VPI,06/14/23,"SULLIVAN, CHRISTOPHER S","SULLIVAN, CHRISTOPHER S,  PHD",SULLIVAN,CHRISTOPHER S,CHRISTOPHER,6/14/2023,"PROFESSOR, DEPARTMENT OF MOLECULAR BIOSCIENCES, COLLEGE OF NATURAL SCIENCES, UNIVERSITY OF TEXAS AT AUSTIN, AUSTIN, TX, 78712",78712
"[SEP] MEMBER CONFLICT: BIOENGINEERING, BIODATA, AND BIOMODELLING TECHNOLOGIES",ZRG1 BBBT - F (02),07/16/24,"OCHMAN, HOWARD","OCHMAN, HOWARD, PHD",OCHMAN,HOWARD,HOWARD,7/16/2024,"PROFESSOR, DEPARTMENT OF INTEGRATIVE BIOLOGY, UNIVERSITY OF TEXAS, AUSTIN,    TX,    78712",78712
[SEP] PAR-24-045 AND PAR-24-046: TACKLING ACQUISITION OF LANGUAGE IN KIDS (TALK) APPLICATIONS,ZRG1 BP - R (51),06/27/24,"QUINTO-POZOS, DAVID G","QUINTO-POZOS, DAVID G, PHD",QUINTO-POZOS,DAVID G,DAVID,6/27/2024,"PROFESSOR, DEPARTMENT OF LINGUISTICS, THE UNIVERSITY OF TEXAS AT AUSTIN, AUSTIN,    TX,    78712",78712
[SEP] RFA-NS-24-021: HEAL INITIATIVE: INDIVIDUAL DIFFERENCES IN HUMAN PAIN CONDITIONS,ZRG1 CCHI - A (57),06/03/24,"RADHAKRISHNAN, KAVITA","RADHAKRISHNAN, KAVITA, PHD",RADHAKRISHNAN,KAVITA,KAVITA,6/3/2024,"ASSOCIATE PROFESSOR, SCHOOL OF NURSING, UNIVERSITY OF TEXAS AUSTIN, AUSTIN,    TX,    78712",78712
[SEP] SPECIAL EMPHASIS PANEL: CARDIOVASCULAR DIFFERENTIATION AND DEVELOPMENT,ZRG1 CDD - Q (81),11/01/23,"ZOLDAN, JANETA","ZOLDAN, JANETA, PHD",ZOLDAN,JANETA,JANETA,11/1/2023,"ASSOCIATE PROFESSOR, DEPARTMENT BIOMEDICAL ENGINEERING, UNIVERSITY OF TEXAS AT AUSTIN, AUSTIN,    TX,    78712",78712
[SEP] MEMBER CONFLICT: TOPICS IN IMMUNITY AND HOST-PATHOGEN INTERACTIONS,ZRG1 IIDB - B (02),07/18/24,"JIANG, NING JENNY","JIANG, NING JENNY, PHD",JIANG,NING JENNY,NING,7/18/2024,"ASSOCIATE PROFESSOR, DEPARTMENT OF BIOMEDICAL ENGINEERING, UNIVERSITY OF TEXAS AT AUSTIN, AUSTIN,    TX,    78712",78712
[SEP] PAR-23-122: RESEARCH WITH ACTIVITIES RELATED TO DIVERSITY (REWARD),ZRG1 IVBH - H (55),06/10/24,"RUSSELL, STEPHEN T","RUSSELL, STEPHEN T, PHD",RUSSELL,STEPHEN T,STEPHEN,6/10/2024,"PRISCILLA POND FLAWN REGENTS PROFESSOR IN CHILD DEVELOPMENT AND CHAIR, DEPARTMENT OF HUMAN DEVELOPMENT, AND FAMILY SCIENCES, COLLEGE OF NATURAL SCIENCES, THE UNIVERSITY OF TEXAS AT AUSTIN, AUSTIN,    TX,    78712",78712
[SEP] PAR 23-077: COLLABORATIVE PROGRAM GRANT FOR MULTIDISCIPLINARY TEAMS (RM1),ZRG1 MBBC - G (50),06/10/24,"REN, PENGYU","REN, PENGYU, PHD",REN,PENGYU,PENGYU,6/10/2024,"PROFESSOR, DEPARTMENT OF BIOMEDICAL ENGINEERING, THE UNIVERSITY OF TEXAS AT AUSTIN, AUSTIN,    TX,    78712",78712
[SEP] NEUROIMAGING TECHNOLOGIES,ZRG1 MCST - U (80),06/27/24,"BIROS, GEORGE","BIROS, GEORGE, PHD",BIROS,GEORGE,GEORGE,6/27/2024,"PROFESSOR, DEPARTMENT OF MECHANICAL ENGINEERING, INSTITUTE FOR COMPUTATIONAL ENGINEERING & SCIENCES, UNIVERSITY OF TEXAS, AUSTIN,    TX,    787121229",78712
[SEP] SPECIAL TOPICS: MOLECULAR AND CELLULAR SCIENCES AND TECHNOLOGIES,ZRG1 MCST - U (85),06/17/24,"GUAN, JUAN","GUAN, JUAN, PHD",GUAN,JUAN,JUAN,6/17/2024,"ASSISTANT PROFESSOR, COLLEGE OF PHARMACY, UNIVERSITY OF TEXAS AT AUSTIN, AUSTIN,    TX,    78712",78712
