Section Name,Section Abbreviation,Date,Name,Position,Ad1,Ad2,Ad3,Ad4,Ad5,Ad6,Name_original,Lastname,First_and_middle,Firstname,Date_original,Zipcode
SOCIAL SCIENCES AND POPULATION STUDIES B STUDY SECTION,SSPB,6/22/2023,"AIKEN, ABIGAIL R",ASSOCIATE PROFESSOR,LYNDON B. JOHNSON SCHOOL OF PUBLIC AFFAIRS,UNIVERSITY OF TEXAS AT AUSTIN,"AUSTIN, TX, 78713",,,,"AIKEN, ABIGAIL R,  PHD*",AIKEN,ABIGAIL R,ABIGAIL,6/22/2023,78713
IMAGING GUIDED INTERVENTIONS AND SURGERY STUDY SECTION,IGIS,3/3/2022,"ALAMBEIGI, FARSHID",ASSISTANT PROFESSOR,WALKER DEPARTMENT OF MECHANICAL ENGINEERING,DEPARTMENT OF RESEARCH AREAS,ROBOTICS AND INTELLIGENT MECHANICAL SYSTEMS,THE UNIVERSITY OF TEXAS AT AUSTIN,"AUSTIN, TX, 78712",,"ALAMBEIGI, FARSHID, PHD*",ALAMBEIGI,FARSHID,FARSHID,03/03/22 - 03/04/22,78712
CELL STRUCTURE AND FUNCTION 1 STUDY SECTION,CSF1,6/10/2024,"ALVARADO, JOSE R",ASSISTANT PROFESSOR,DEPARTMENT OF PHYSICS,UNIVERSITY OF TEXAS AT AUSTIN,"AUSTIN,       TX,       78712",,,,"ALVARADO, JOSE  R, PHD",ALVARADO,JOSE R,JOSE,6/10/2024,78712
EMERGING IMAGING TECHNOLOGIES IN NEUROSCIENCE STUDY SECTION,EITN,6/16/2022,"BABAJANI-FEREMI, ABBAS",ASSOCIATE PROFESSOR,DEPARTMENT OF NEUROLOGY,UNIVERSITY OF TEXAS AT AUSTIN,"AUSTIN, TX, 78722",,,,"BABAJANI-FEREMI, ABBAS,  PHD*",BABAJANI-FEREMI,ABBAS,ABBAS,06/16/22 -,78722
BIOCHEMISTRY AND BIOPHYSICS OF MEMBRANES STUDY SECTION,BBM,9/30/2021,"BAIZ, CARLOS RAUL",ASSOCIATE PROFESSOR,DEPARTMENT OF CHEMISTRY,UNIVERSITY OF TEXAS AT AUSTIN,"AUSTIN, TX, 78712",,,,"BAIZ, CARLOS RAUL, PHD",BAIZ,CARLOS RAUL,CARLOS,09/30/21 - 10/01/21,78712
BIOCHEMISTRY AND BIOPHYSICS OF MEMBRANES STUDY SECTION,BBM,2/2/2022,"BAIZ, CARLOS RAUL",ASSOCIATE PROFESSOR,DEPARTMENT OF CHEMISTRY,UNIVERSITY OF TEXAS AT AUSTIN,"AUSTIN, TX, 78712",,,,"BAIZ, CARLOS RAUL, PHD",BAIZ,CARLOS RAUL,CARLOS,02/02/22 - 02/03/22,78712
BIOCHEMISTRY AND BIOPHYSICS OF MEMBRANES STUDY SECTION,BBM,6/2/2022,"BAIZ, CARLOS RAUL",ASSOCIATE PROFESSOR,DEPARTMENT OF CHEMISTRY,UNIVERSITY OF TEXAS AT AUSTIN,"AUSTIN, TX, 78712",,,,"BAIZ, CARLOS RAUL,  PHD",BAIZ,CARLOS RAUL,CARLOS,06/02/22 -,78712
BIOCHEMISTRY AND BIOPHYSICS OF MEMBRANES STUDY SECTION,BBM,1/31/2023,"BAIZ, CARLOS RAUL",ASSOCIATE PROFESSOR,DEPARTMENT OF CHEMISTRY,UNIVERSITY OF TEXAS AT AUSTIN,"AUSTIN, TX, 78712",,,,"BAIZ, CARLOS RAUL,  PHD",BAIZ,CARLOS RAUL,CARLOS,1/31/2023,78712
BIOCHEMISTRY AND BIOPHYSICS OF MEMBRANES STUDY SECTION,BBM,6/6/2023,"BAIZ, CARLOS RAUL",ASSOCIATE PROFESSOR,DEPARTMENT OF CHEMISTRY,UNIVERSITY OF TEXAS AT AUSTIN,"AUSTIN, TX, 78712",,,,"BAIZ, CARLOS RAUL,  PHD",BAIZ,CARLOS RAUL,CARLOS,6/6/2023,78712
BIOCHEMISTRY AND BIOPHYSICS OF MEMBRANES STUDY SECTION,BBM,10/12/2023,"BAIZ, CARLOS RAUL",ASSOCIATE PROFESSOR,DEPARTMENT OF CHEMISTRY,UNIVERSITY OF TEXAS AT AUSTIN,"AUSTIN,       TX,       78712",,,,"BAIZ, CARLOS  RAUL, PHD",BAIZ,CARLOS RAUL,CARLOS,10/12/2023,78712
BIOCHEMISTRY AND BIOPHYSICS OF MEMBRANES STUDY SECTION,BBM,2/22/2024,"BAIZ, CARLOS RAUL",ASSOCIATE PROFESSOR,DEPARTMENT OF CHEMISTRY,UNIVERSITY OF TEXAS AT AUSTIN,"AUSTIN,       TX,       78712",,,,"BAIZ, CARLOS  RAUL, PHD",BAIZ,CARLOS RAUL,CARLOS,2/22/2024,78712
"BASIC BIOLOGY OF BLOOD, HEART AND VASCULATURE STUDY SECTION",BBHV,2/15/2022,"BAKER, AARON BLAIR",PROFESSOR,DEPARTMENT OF BIOMEDICAL ENGINEERING,COCKRELL SCHOOL OF ENGINEERING,THE UNIVERSITY OF TEXAS AT AUSTIN,"AUSTIN, TX, 78712",,,"BAKER, AARON BLAIR, PHD*",BAKER,AARON BLAIR,AARON,02/15/22 - 02/16/22,78712
DRUG AND BIOLOGIC THERAPEUTIC DELIVERY STUDY SECTION,DBTD,6/17/2024,"BAKER, AARON BLAIR",PROFESSOR,DEPARTMENT OF BIOMEDICAL ENGINEERING,COCKRELL SCHOOL OF ENGINEERING,THE UNIVERSITY OF TEXAS AT AUSTIN,"AUSTIN,       TX,       78712",,,"BAKER, AARON  BLAIR, PHD",BAKER,AARON BLAIR,AARON,6/17/2024,78712
"SOCIAL PSYCHOLOGY, PERSONALITY AND INTERPERSONAL PROCESSES STUDY SECTION",SPIP,10/18/2021,"BENNER, APRILE DAWN",ASSOCIATE PROFESSOR,DEPARTMENT OF HUMAN DEVELOPMENT,AND FAMILY SCIENCES,UNIVERSITY OF TEXAS AT AUSTIN,"AUSTIN, TX, 78712",,,"BENNER, APRILE DAWN, PHD*",BENNER,APRILE DAWN,APRILE,10/18/21 - 10/19/21,78712
POPULATION BASED RESEARCH IN INFECTIOUS DISEASE STUDY SECTION,PRID,6/25/2024,"BHAVNANI, DARLENE",ASSISTANT PROFESSOR,DEPARTMENT OF POPULATION HEALTH,DELL MEDICAL SCHOOL,THE UNIVERSITY OF TEXAS AT AUSTIN,"AUSTIN,       TX,       78746",,,"BHAVNANI, DARLENE, PHD, MPH",BHAVNANI,DARLENE,DARLENE,6/25/2024,78746
MAXIMIZING INVESTIGATORSâ€™ RESEARCH AWARD B STUDY SECTION,MRAB,7/1/2021,"BRODBELT, JENNIFER S",PROFESSOR,DEPARTMENT OF CHEMISTRY,UNIVERSITY OF TEXAS,"AUSTIN, TX, 78712",,,,"BRODBELT, JENNIFER S, PHD",BRODBELT,JENNIFER S,JENNIFER,07/01/21 - 07/02/21,78712
MAXIMIZING INVESTIGATORSâ€™ RESEARCH AWARD B STUDY SECTION,MRAB,11/18/2021,"BRODBELT, JENNIFER S",PROFESSOR,DEPARTMENT OF CHEMISTRY,UNIVERSITY OF TEXAS,"AUSTIN, TX, 78712",,,,"BRODBELT, JENNIFER S, PHD",BRODBELT,JENNIFER S,JENNIFER,11/18/21 - 11/19/21,78712
MAXIMIZING INVESTIGATORSâ€™ RESEARCH AWARD B STUDY SECTION,MRAB,3/10/2022,"BRODBELT, JENNIFER S",PROFESSOR,DEPARTMENT OF CHEMISTRY,UNIVERSITY OF TEXAS,"AUSTIN, TX, 78712",,,,"BRODBELT, JENNIFER S, PHD",BRODBELT,JENNIFER S,JENNIFER,03/10/22 - 03/11/22,78712
MAXIMIZING INVESTIGATORS’ RESEARCH AWARD B STUDY SECTION,MRAB,6/28/2022,"BRODBELT, JENNIFER S",PROFESSOR,DEPARTMENT OF CHEMISTRY,UNIVERSITY OF TEXAS,"AUSTIN, TX, 78712",,,,"BRODBELT, JENNIFER S,  PHD",BRODBELT,JENNIFER S,JENNIFER,06/28/22 -,78712
MAXIMIZING INVESTIGATORS’ RESEARCH AWARD B STUDY SECTION,MRAB,10/20/2022,"BRODBELT, JENNIFER S",PROFESSOR,DEPARTMENT OF CHEMISTRY,UNIVERSITY OF TEXAS,"AUSTIN, TX, 78712",,,,"BRODBELT, JENNIFER S,  PHD",BRODBELT,JENNIFER S,JENNIFER,10/20/22 -,78712
MAXIMIZING INVESTIGATORS’ RESEARCH AWARD B STUDY SECTION,MRAB,3/9/2023,"BRODBELT, JENNIFER S",PROFESSOR,DEPARTMENT OF CHEMISTRY,UNIVERSITY OF TEXAS,"AUSTIN, TX, 78712",,,,"BRODBELT, JENNIFER S,  PHD",BRODBELT,JENNIFER S,JENNIFER,3/9/2023,78712
MAXIMIZING INVESTIGATORS’ RESEARCH AWARD B STUDY SECTION,MRAB,6/29/2023,"BRODBELT, JENNIFER S",PROFESSOR,DEPARTMENT OF CHEMISTRY,UNIVERSITY OF TEXAS,"AUSTIN, TX, 78712",,,,"BRODBELT, JENNIFER S,  PHD",BRODBELT,JENNIFER S,JENNIFER,6/29/2023,78712
CLINICAL TRANSLATIONAL IMAGING SCIENCE STUDY SECTION,CTIS,6/20/2024,"BUSH, ADAM M",ASSISTANT PROFESSOR,DEPARTMENT OF BIOMEDICAL ENGINEERING,UNIVERSITY OF TEXAS AT AUSTIN,"AUSTIN,       TX,       78712",,,,"BUSH, ADAM  M, PHD",BUSH,ADAM M,ADAM,6/20/2024,78712
LIFESTYLE CHANGE AND BEHAVIORAL HEALTH STUDY SECTION,LCBH,3/3/2022,"BYRD-WILLIAMS, COURTNEY",ASSISTANT PROFESSOR,HEALTH PROMOTION &amp; BEHAVIORAL SCIENCES,"SCHOOL OF PUBLIC HEALTH, AUSTIN CAMPUS",UNIVERSITY OF TEXAS HEALTH SCIENCE CENTER,"AUSTIN, TX, 78701",,,"BYRD-WILLIAMS, COURTNEY, PHD*",BYRD-WILLIAMS,COURTNEY,COURTNEY,03/03/22 - 03/04/22,78701
PREGNANCY AND NEONATOLOGY STUDY SECTION,PN,10/24/2023,"CAHILL, ALISON G",PROFESSOR,DEPARTMENT OF WOMEN'S HEALTH,DELL MEDICAL SCHOOL,UNIVERSITY OF TEXAS AT AUSTIN,"AUSTIN,       TX,       78712",,,"CAHILL, ALISON  G, MD",CAHILL,ALISON G,ALISON,10/24/2023,78712
PREGNANCY AND NEONATOLOGY STUDY SECTION,PN,2/20/2024,"CAHILL, ALISON G",PROFESSOR,DEPARTMENT OF WOMEN'S HEALTH,DELL MEDICAL SCHOOL,UNIVERSITY OF TEXAS AT AUSTIN,"AUSTIN,       TX,       78712",,,"CAHILL, ALISON  G, MD",CAHILL,ALISON G,ALISON,2/20/2024,78712
PREGNANCY AND NEONATOLOGY STUDY SECTION,PN,6/17/2024,"CAHILL, ALISON G",PROFESSOR,DEPARTMENT OF WOMEN'S HEALTH,DELL MEDICAL SCHOOL,UNIVERSITY OF TEXAS AT AUSTIN,"AUSTIN,       TX,       78712",,,"CAHILL, ALISON  G, MD",CAHILL,ALISON G,ALISON,6/17/2024,78712
BIOSTATISTICAL METHODS AND RESEARCH DESIGN STUDY SECTION,BMRD,11/2/2021,"CALDER, CATHERINE A",PROFESSOR AND CHAIR,DEPARTMENT OF STATISTICS AND DATA SCIENCES,COLLEGE OF NATURAL SCIENCES,THE UNIVERSITY OF TEXAS AT AUSTIN,"AUSTIN, TX, 78712",,,"CALDER, CATHERINE A, PHD",CALDER,CATHERINE A,CATHERINE,11/02/21 - 11/03/21,78712
BIOSTATISTICAL METHODS AND RESEARCH DESIGN STUDY SECTION,BMRD,3/3/2022,"CALDER, CATHERINE A",PROFESSOR AND CHAIR,DEPARTMENT OF STATISTICS AND DATA SCIENCES,COLLEGE OF NATURAL SCIENCES,THE UNIVERSITY OF TEXAS AT AUSTIN,"AUSTIN, TX, 78712",,,"CALDER, CATHERINE A, PHD",CALDER,CATHERINE A,CATHERINE,03/03/22 - 03/04/22,78712
BIOSTATISTICAL METHODS AND RESEARCH DESIGN STUDY SECTION,BMRD,6/21/2022,"CALDER, CATHERINE A",PROFESSOR AND CHAIR,DEPARTMENT OF STATISTICS AND DATA SCIENCES,COLLEGE OF NATURAL SCIENCES,THE UNIVERSITY OF TEXAS AT AUSTIN,"AUSTIN, TX, 78712",,,"CALDER, CATHERINE A,  PHD",CALDER,CATHERINE A,CATHERINE,06/21/22 -,78712
ANALYTICS AND STATISTICS FOR POPULATION RESEARCH PANEL B STUDY SECTION,ASPB,10/20/2022,"CALDER, CATHERINE A",PROFESSOR AND CHAIR,DEPARTMENT OF STATISTICS AND DATA SCIENCES,COLLEGE OF NATURAL SCIENCES,THE UNIVERSITY OF TEXAS AT AUSTIN,"AUSTIN, TX, 78712",,,"CALDER, CATHERINE A,  PHD",CALDER,CATHERINE A,CATHERINE,10/20/22 -,78712
ANALYTICS AND STATISTICS FOR POPULATION RESEARCH PANEL B STUDY SECTION,ASPB,2/22/2023,"CALDER, CATHERINE A",PROFESSOR AND CHAIR,DEPARTMENT OF STATISTICS AND DATA SCIENCES,COLLEGE OF NATURAL SCIENCES,THE UNIVERSITY OF TEXAS AT AUSTIN,"AUSTIN, TX, 78712",,,"CALDER, CATHERINE A,  PHD",CALDER,CATHERINE A,CATHERINE,2/22/2023,78712
ANALYTICS AND STATISTICS FOR POPULATION RESEARCH PANEL B STUDY SECTION,ASPB,6/6/2023,"CALDER, CATHERINE A",PROFESSOR AND CHAIR,DEPARTMENT OF STATISTICS AND DATA SCIENCES,COLLEGE OF NATURAL SCIENCES,THE UNIVERSITY OF TEXAS AT AUSTIN,"AUSTIN, TX, 78712",,,"CALDER, CATHERINE A,  PHD",CALDER,CATHERINE A,CATHERINE,6/6/2023,78712
ANALYTICS AND STATISTICS FOR POPULATION RESEARCH PANEL B STUDY SECTION,ASPB,11/14/2023,"CALDER, CATHERINE A",PROFESSOR AND CHAIR,DEPARTMENT OF STATISTICS AND DATA SCIENCES,COLLEGE OF NATURAL SCIENCES,THE UNIVERSITY OF TEXAS AT AUSTIN,"AUSTIN,       TX,       78712",,,"CALDER, CATHERINE  A, PHD",CALDER,CATHERINE A,CATHERINE,11/14/2023,78712
ANALYTICS AND STATISTICS FOR POPULATION RESEARCH PANEL B STUDY SECTION,ASPB,2/12/2024,"CALDER, CATHERINE A",PROFESSOR AND CHAIR,DEPARTMENT OF STATISTICS AND DATA SCIENCES,COLLEGE OF NATURAL SCIENCES,THE UNIVERSITY OF TEXAS AT AUSTIN,"AUSTIN,       TX,       78712",,,"CALDER, CATHERINE  A, PHD",CALDER,CATHERINE A,CATHERINE,2/12/2024,78712
ANALYTICS AND STATISTICS FOR POPULATION RESEARCH PANEL B STUDY SECTION,ASPB,7/16/2024,"CALDER, CATHERINE A",PROFESSOR AND CHAIR,DEPARTMENT OF STATISTICS AND DATA SCIENCES,COLLEGE OF NATURAL SCIENCES,THE UNIVERSITY OF TEXAS AT AUSTIN,"AUSTIN,       TX,       78712",,,"CALDER, CATHERINE  A, PHD",CALDER,CATHERINE A,CATHERINE,7/16/2024,78712
DRUG AND BIOLOGIC THERAPEUTIC DELIVERY STUDY SECTION,DBTD,2/1/2024,"CALLMANN, CASSANDRA ELIZABETH",ASSISTANT PROFESSOR,DEPARTMENT OF CHEMISTRY,THE UNIVERSITY OF TEXAS AT AUSTIN,"AUSTIN,       TX,       78712",,,,"CALLMANN, CASSANDRA  ELIZABETH, PHD",CALLMANN,CASSANDRA ELIZABETH,CASSANDRA,2/1/2024,78712
BACTERIAL-HOST INTERACTIONS STUDY SECTION ,BHI,11/2/2023,"CAMBRONNE, ERIC D",ASSOCIATE PROFESSOR,MOLECULAR BIOSCIENCES,THE UNIVERSITY OF TEXAS AT AUSTIN,"AUSTIN,       TX,       78705",,,,"CAMBRONNE, ERIC  D, PHD",CAMBRONNE,ERIC D,ERIC,11/2/2023,78705
BASIC MECHANISMS OF DIABETES AND METABOLISM STUDY SECTION,BMDM,10/11/2023,"CAMPBELL, JONATHAN E",ASSOCIATE PROFESSOR,DEPARTMENT OF MEDICINE,DUKE UNIVERSITY,"DURHAM,       NC,       27701",,,,"CAMPBELL, JONATHAN  E, PHD",CAMPBELL,JONATHAN E,JONATHAN,10/11/2023,78712
CLINICAL NEUROPLASTICITY AND NEUROTRANSMITTERS STUDY SECTION,CNNT,10/12/2023,"CAMPBELL, SUSAN LATOYA",ASSOCIATE PROFESSOR,"DEPARTMENT OF CELL, DEVELOPMENTAL AND",INTEGRATIVE BIOLOGY (CDIB),UNIVERSITY OF ALABAMA AT BIRMINGHAM,"BIRMINGHAM,       AL,       35294",,,"CAMPBELL, SUSAN  LATOYA, PHD",CAMPBELL,SUSAN LATOYA,SUSAN,10/12/2023,78712
IMAGING GUIDED INTERVENTIONS AND SURGERY STUDY SECTION,IGIS,10/21/2021,"CASTILLO, EDWARD",ASSOCIATE PROFESSOR,DEPARTMENT OF BIOMEDICAL ENGINEERING,UNIVERSITY OF TEXAS AT AUSTIN,"AUSTIN, TX, 78712",,,,"CASTILLO, EDWARD, PHD",CASTILLO,EDWARD,EDWARD,10/21/21 - 10/22/21,78712
IMAGING GUIDED INTERVENTIONS AND SURGERY STUDY SECTION,IGIS,6/9/2022,"CASTILLO, EDWARD",ASSOCIATE PROFESSOR,DEPARTMENT OF BIOMEDICAL ENGINEERING,UNIVERSITY OF TEXAS AT AUSTIN,"AUSTIN, TX, 78712",,,,"CASTILLO, EDWARD,  PHD",CASTILLO,EDWARD,EDWARD,06/09/22 -,78712
IMAGING GUIDED INTERVENTIONS AND SURGERY STUDY SECTION,IGIS,2/23/2023,"CASTILLO, EDWARD",ASSOCIATE PROFESSOR,DEPARTMENT OF BIOMEDICAL ENGINEERING,UNIVERSITY OF TEXAS AT AUSTIN,"AUSTIN, TX, 78712",,,,"CASTILLO, EDWARD,  PHD",CASTILLO,EDWARD,EDWARD,2/23/2023,78712
IMAGING GUIDED INTERVENTIONS AND SURGERY STUDY SECTION,IGIS,6/8/2023,"CASTILLO, EDWARD",ASSOCIATE PROFESSOR,DEPARTMENT OF BIOMEDICAL ENGINEERING,UNIVERSITY OF TEXAS AT AUSTIN,"AUSTIN, TX, 78712",,,,"CASTILLO, EDWARD,  PHD",CASTILLO,EDWARD,EDWARD,6/8/2023,78712
IMAGING GUIDED INTERVENTIONS AND SURGERY STUDY SECTION,IGIS,10/19/2023,"CASTILLO, EDWARD",ASSOCIATE PROFESSOR AND ASSOCIATE CHAIR FOR GRADUATE EDUCATION,"WILLIAM J. MURRAY, JR. FELLOWSHIP IN ENGINEERING",DEPARTMENT OF BIOMEDICAL ENGINEERING,UNIVERSITY OF TEXAS AT AUSTIN,"AUSTIN,       TX,       78712",,,"CASTILLO, EDWARD, PHD",CASTILLO,EDWARD,EDWARD,10/19/2023,78712
IMAGING GUIDED INTERVENTIONS AND SURGERY STUDY SECTION,IGIS,2/15/2024,"CASTILLO, EDWARD",ASSOCIATE PROFESSOR AND ASSOCIATE CHAIR FOR GRADUATE EDUCATION,"WILLIAM J. MURRAY, JR. FELLOWSHIP IN ENGINEERING",DEPARTMENT OF BIOMEDICAL ENGINEERING,UNIVERSITY OF TEXAS AT AUSTIN,"AUSTIN,       TX,       78712",,,"CASTILLO, EDWARD, PHD",CASTILLO,EDWARD,EDWARD,2/15/2024,78712
"ETIOLOGY, DIAGNOSTIC, INTERVENTION AND TREATMENT OF INFECTIOUS DISEASES STUDY SECTION",EDIT,6/15/2023,"CHARLES, RICHELLE C",ASSOCIATE PROFESSOR,INFECTIOUS DISEASES DIVISION,MASSACHUSETTS GENERAL HOSPITAL,"BOSTON, MA, 02114",,,,"CHARLES, RICHELLEC,  MD",CHARLES,RICHELLEC,RICHELLEC,6/15/2023,78712
HEALTH SERVICES: QUALITY AND EFFECTIVENESS STUDY SECTION,HSQE,6/24/2021,"CHOI, NAMKEE G",PROFESSOR,SCHOOL OF SOCIAL WORK,UNIVERSITY OF TEXAS AT AUSTIN,"AUSTIN, TX, 78712",,,,"CHOI, NAMKEE G, PHD*",CHOI,NAMKEE G,NAMKEE,06/24/21 - 06/25/21,78712
EMERGING IMAGING TECHNOLOGIES AND APPLICATIONS STUDY SECTION,EITA,10/27/2022,"CHOWDHURY, SHWETADWIP",ASSISTANT PROFESSOR,DEPARTMENT OF ELECTRICAL AND COMPUTER ENGINEERING,UNIVERSITY OF TEXAS AT AUSTIN,"AUSTIN, TX, 78741",,,,"CHOWDHURY, SHWETADWIP,  PHD*",CHOWDHURY,SHWETADWIP,SHWETADWIP,10/27/2022,78741
ADULT PSYCHOPATHOLOGY AND DISORDERS OF AGING STUDY SECTION,APDA,10/21/2021,"CISLER, JOSHUA M",ASSOCIATE PROFESSOR,DEPARTMENT OF PSYCHIATRY AND BEHAVIORAL SCIENCES,DELL MEDICAL SCHOOL,THE UNIVERSITY OF TEXAS AT AUSTIN,"AUSTIN, TX, 78705",,,"CISLER, JOSHUA M, PHD*",CISLER,JOSHUA M,JOSHUA,10/21/21 - 10/22/21,78705
"LEARNING, MEMORY AND DECISION NEUROSCIENCE STUDY SECTION",LMDN,6/17/2021,"COLGIN, LAURA LEE",ASSOCIATE PROFESSOR,DEPARTMENT OF NEUROSCIENCE,CENTER FOR LEARNING AND MEMORY,UNIVERSITY OF TEXAS AT AUSTIN,"AUSTIN, TX, 78712",,,"COLGIN, LAURA LEE, PHD",COLGIN,LAURA LEE,LAURA,06/17/21 - 06/18/21,78712
"LEARNING, MEMORY AND DECISION NEUROSCIENCE STUDY SECTION",LMDN,10/21/2021,"COLGIN, LAURA LEE",ASSOCIATE PROFESSOR,DEPARTMENT OF NEUROSCIENCE,CENTER FOR LEARNING AND MEMORY,UNIVERSITY OF TEXAS AT AUSTIN,"AUSTIN, TX, 78712",,,"COLGIN, LAURA LEE, PHD",COLGIN,LAURA LEE,LAURA,10/21/21 - 10/22/21,78712
"LEARNING, MEMORY AND DECISION NEUROSCIENCE STUDY SECTION",LMDN,2/17/2022,"COLGIN, LAURA LEE",ASSOCIATE PROFESSOR,DEPARTMENT OF NEUROSCIENCE,CENTER FOR LEARNING AND MEMORY,UNIVERSITY OF TEXAS AT AUSTIN,"AUSTIN, TX, 78712",,,"COLGIN, LAURA LEE, PHD",COLGIN,LAURA LEE,LAURA,02/17/22 - 02/18/22,78712
"LEARNING, MEMORY AND DECISION NEUROSCIENCE STUDY SECTION",LMDN,6/16/2022,"COLGIN, LAURA LEE",ASSOCIATE PROFESSOR,DEPARTMENT OF NEUROSCIENCE,CENTER FOR LEARNING AND MEMORY,UNIVERSITY OF TEXAS AT AUSTIN,"AUSTIN, TX, 78712",,,"COLGIN, LAURA LEE,  PHD",COLGIN,LAURA LEE,LAURA,06/16/22 -,78712
CELLULAR AND MOLECULAR TECHNOLOGIES STUDY SECTION,CMT,6/22/2021,"CONTRERAS, LYDIA MARIA",ASSOCIATE PROFESSOR,DEPARTMENT OF CHEMICAL ENGINEERING,AND CELL MOLECULAR BIOLOGY,THE UNIVERSITY OF TEXAS AT AUSTIN,"AUSTIN, TX, 78712",,,"CONTRERAS, LYDIA MARIA, PHD*",CONTRERAS,LYDIA MARIA,LYDIA,06/22/21 - 06/23/21,78712
MAXIMIZING INVESTIGATORSâ€™ RESEARCH AWARD B STUDY SECTION,MRAB,11/18/2021,"CONTRERAS, LYDIA MARIA",ASSOCIATE PROFESSOR,DEPARTMENT OF CHEMICAL ENGINEERING,AND CELL MOLECULAR BIOLOGY,THE UNIVERSITY OF TEXAS AT AUSTIN,"AUSTIN, TX, 78712",,,"CONTRERAS, LYDIA MARIA, PHD*",CONTRERAS,LYDIA MARIA,LYDIA,11/18/21 - 11/19/21,78712
PROKARYOTIC CELL AND MOLECULAR BIOLOGY STUDY SECTION,PCMB,2/7/2022,"CONTRERAS, LYDIA MARIA",ASSOCIATE PROFESSOR,DEPARTMENT OF CHEMICAL ENGINEERING,AND CELL MOLECULAR BIOLOGY,THE UNIVERSITY OF TEXAS AT AUSTIN,"AUSTIN, TX, 78712",,,"CONTRERAS, LYDIA MARIA, PHD*",CONTRERAS,LYDIA MARIA,LYDIA,02/07/22 - 02/08/22,78712
BIOBEHAVIORAL MEDICINE AND HEALTH OUTCOMES STUDY SECTION,BMHO,10/3/2022,"CUEVAS, HEATHER",ASSISTANT PROFESSOR,SCHOOL OF NURSING,UNIVERSITY OF TEXAS AT AUSTIN,"AUSTIN, TX, 78728",,,,"CUEVAS, HEATHER,  PHD*",CUEVAS,HEATHER,HEATHER,10/03/22 -,78728
DRUG DISCOVERY AND MECHANISMS OF ANTIMICROBIAL RESISTANCE STUDY SECTION,DDR,7/14/2021,"DAVIES, BRYAN WILLIAM",ASSOCIATE PROFESSOR,DEPARTMENT OF MOLECULAR BIOSCIENCES,COLLEGE OF NATURAL SCIENCES,UNIVERSITY OF TEXAS AT AUSTIN,"AUSTIN, TX, 78712",,,"DAVIES, BRYAN WILLIAM, PHD*",DAVIES,BRYAN WILLIAM,BRYAN,07/14/21 - 07/15/21,78712
DRUG DISCOVERY AND MOLECULAR PHARMACOLOGY A STUDY SECTION ,DMPA,11/7/2023,"DAVIES, BRYAN WILLIAM",ASSOCIATE PROFESSOR,DEPARTMENT OF MOLECULAR BIOSCIENCES,COLLEGE OF NATURAL SCIENCES,UNIVERSITY OF TEXAS AT AUSTIN,"AUSTIN,       TX,       78712",,,"DAVIES, BRYAN  WILLIAM, PHD",DAVIES,BRYAN WILLIAM,BRYAN,11/7/2023,78712
DRUG DISCOVERY AND MOLECULAR PHARMACOLOGY A STUDY SECTION ,DMPA,3/19/2024,"DAVIES, BRYAN WILLIAM",ASSOCIATE PROFESSOR,DEPARTMENT OF MOLECULAR BIOSCIENCES,COLLEGE OF NATURAL SCIENCES,UNIVERSITY OF TEXAS AT AUSTIN,"AUSTIN,       TX,       78712",,,"DAVIES, BRYAN  WILLIAM, PHD",DAVIES,BRYAN WILLIAM,BRYAN,3/19/2024,78712
DRUG DISCOVERY AND MOLECULAR PHARMACOLOGY A STUDY SECTION ,DMPA,6/20/2024,"DAVIES, BRYAN WILLIAM",ASSOCIATE PROFESSOR,DEPARTMENT OF MOLECULAR BIOSCIENCES,COLLEGE OF NATURAL SCIENCES,UNIVERSITY OF TEXAS AT AUSTIN,"AUSTIN,       TX,       78712",,,"DAVIES, BRYAN  WILLIAM, PHD",DAVIES,BRYAN WILLIAM,BRYAN,6/20/2024,78712
HEALTH PROMOTION IN COMMUNITIES STUDY SECTION,HPC,6/14/2022,"DAVIS, JAIMIE NICOLE",ASSOCIATE PROFESSOR,DEPARTMENT OF NUTRITIONAL SCIENCES,COLLEGE OF NATURAL SCIENCES,UNIVERSITY OF TEXAS AT AUSTIN,"AUSTIN, TX, 78723",,,"DAVIS, JAIMIE NICOLE,  PHD*",DAVIS,JAIMIE NICOLE,JAIMIE,06/14/22 -,78723
HUMAN STUDIES OF DIABETES AND OBESITY STUDY SECTION,HSDO,10/19/2023,"DAVIS, JAIMIE NICOLE",ASSOCIATE PROFESSOR,DEPARTMENT OF NUTRITIONAL SCIENCES,COLLEGE OF NATURAL SCIENCES,UNIVERSITY OF TEXAS AT AUSTIN,"AUSTIN,       TX,       78723",,,"DAVIS, JAIMIE  NICOLE, PHD",DAVIS,JAIMIE NICOLE,JAIMIE,10/19/2023,78723
"BIOBEHAVIORAL REGULATION, LEARNING AND ETHOLOGY STUDY SECTION",BRLE,10/6/2022,"DONEGAN, JENNIFER",ASSISTANT PROFESSOR,DEPARTMENT OF PSYCHIATRY AND,BEHAVIORAL SCIENCES,UNIVERSITY OF TEXAS AT AUSTIN,"AUSTIN, TX, 78712",,,"DONEGAN, JENNIFER,  PHD*",DONEGAN,JENNIFER,JENNIFER,10/06/22 -,78712
"LEARNING, MEMORY AND DECISION NEUROSCIENCE STUDY SECTION",LMDN,6/15/2023,"DREW, MICHAEL R",ASSOCIATE PROFESSOR,DEPARTMENT OF NEUROSCIENCE,COLLEGE OF NATURAL SCIENCES,THE UNIVERSITY OF TEXAS AT AUSTIN,"AUSTIN, TX, 78712",,,"DREW, MICHAEL R,  PHD*",DREW,MICHAEL R,MICHAEL,6/15/2023,78712
HUMAN COMPLEX MENTAL FUNCTION STUDY SECTION,HCMF,10/14/2021,"DUARTE, AUDREY",PROFESSOR,DEPARTMENT OF PSYCHOLOGY,"UNIVERSITY OF TEXAS, AUSTIN","AUSTIN, TX, 78712",,,,"DUARTE, AUDREY, PHD",DUARTE,AUDREY,AUDREY,10/14/21 - 10/15/21,78712
HUMAN COMPLEX MENTAL FUNCTION STUDY SECTION,HCMF,2/3/2022,"DUARTE, AUDREY",PROFESSOR,DEPARTMENT OF PSYCHOLOGY,"UNIVERSITY OF TEXAS, AUSTIN","AUSTIN, TX, 78712",,,,"DUARTE, AUDREY, PHD",DUARTE,AUDREY,AUDREY,02/03/22 - 02/04/22,78712
HUMAN COMPLEX MENTAL FUNCTION STUDY SECTION,HCMF,6/16/2022,"DUARTE, AUDREY",PROFESSOR,DEPARTMENT OF PSYCHOLOGY,"UNIVERSITY OF TEXAS,  AUSTIN","AUSTIN, TX, 78712",,,,"DUARTE, AUDREY,  PHD",DUARTE,AUDREY,AUDREY,06/16/22 -,78712
HUMAN COMPLEX MENTAL FUNCTION STUDY SECTION,HCMF,10/17/2022,"DUARTE, AUDREY",PROFESSOR,DEPARTMENT OF PSYCHOLOGY,"UNIVERSITY OF TEXAS,  AUSTIN","AUSTIN, TX, 78712",,,,"DUARTE, AUDREY,  PHD",DUARTE,AUDREY,AUDREY,10/17/22 -,78712
HUMAN COMPLEX MENTAL FUNCTION STUDY SECTION,HCMF,6/15/2023,"DUARTE, AUDREY",PROFESSOR,DEPARTMENT OF PSYCHOLOGY,"UNIVERSITY OF TEXAS,  AUSTIN","AUSTIN, TX, 78712",,,,"DUARTE, AUDREY,  PHD",DUARTE,AUDREY,AUDREY,6/15/2023,78712
HUMAN COMPLEX MENTAL FUNCTION STUDY SECTION,HCMF,10/12/2023,"DUARTE, AUDREY",PROFESSOR,DEPARTMENT OF PSYCHOLOGY,"UNIVERSITY OF TEXAS, AUSTIN","AUSTIN,       TX,       78712",,,,"DUARTE, AUDREY, PHD",DUARTE,AUDREY,AUDREY,10/12/2023,78712
HUMAN COMPLEX MENTAL FUNCTION STUDY SECTION,HCMF,2/20/2024,"DUARTE, AUDREY",PROFESSOR,DEPARTMENT OF PSYCHOLOGY,"UNIVERSITY OF TEXAS, AUSTIN","AUSTIN,       TX,       78712",,,,"DUARTE, AUDREY, PHD",DUARTE,AUDREY,AUDREY,2/20/2024,78712
HUMAN COMPLEX MENTAL FUNCTION STUDY SECTION,HCMF,6/6/2024,"DUARTE, AUDREY",PROFESSOR,DEPARTMENT OF PSYCHOLOGY,"UNIVERSITY OF TEXAS, AUSTIN","AUSTIN,       TX,       78712",,,,"DUARTE, AUDREY, PHD",DUARTE,AUDREY,AUDREY,6/6/2024,78712
EMERGING IMAGING TECHNOLOGIES IN NEUROSCIENCE STUDY SECTION,EITN,6/17/2021,"DULA, ADRIENNE NICOLE","ASSISTANT PROFESSOR, DEPARTMENT OF NEUROLOGY",COURTESY ASSISTANT PROFESSOR,DEPARTMENT OF DIAGNOSTIC MEDICINE,DELL MEDICAL SCHOOL,"UNIVERSITY OF TEXAS, AUSTIN","AUSTIN, TX, 78712",,"DULA, ADRIENNE NICOLE, PHD*",DULA,ADRIENNE NICOLE,ADRIENNE,06/17/21 - 06/18/21,78712
EMERGING IMAGING TECHNOLOGIES IN NEUROSCIENCE STUDY SECTION,EITN,10/19/2023,"DULA, ADRIENNE NICOLE",ASSISTANT PROFESSOR,DEPARTMENT OF NEUROLOGY AND DIAGNOSTIC MEDICINE,THE UNIVERSITY OF TEXAS AT AUTIN,DELL MEDICAL SCHOOL,THE UNIVERSITY OF TEXAS AT AUTIN,"AUSTIN,       TX,       78751",,"DULA, ADRIENNE  NICOLE, PHD",DULA,ADRIENNE NICOLE,ADRIENNE,10/19/2023,78751
CELLULAR AND MOLECULAR IMMUNOLOGY - B STUDY SECTION,CMIB,6/24/2021,"EHRLICH, LAUREN ILYSE RICHIE",ASSOCIATE PROFESSOR,DEPARTMENT OF MOLECULAR BIOSCIENCES,INSTITUTE FOR CELLULAR AND MOLECULAR BIOLOGY,THE UNIVERSITY OF TEXAS AT AUSTIN,"AUSTIN, TX, 78712",,,"EHRLICH, LAUREN ILYSE RICHIE, PHD",EHRLICH,LAUREN ILYSE RICHIE,LAUREN,06/24/21 - 06/25/21,78712
CELLULAR AND MOLECULAR IMMUNOLOGY - B STUDY SECTION,CMIB,10/28/2021,"EHRLICH, LAUREN ILYSE RICHIE",ASSOCIATE PROFESSOR,DEPARTMENT OF MOLECULAR BIOSCIENCES,INSTITUTE FOR CELLULAR AND MOLECULAR BIOLOGY,THE UNIVERSITY OF TEXAS AT AUSTIN,"AUSTIN, TX, 78712",,,"EHRLICH, LAUREN ILYSE RICHIE, PHD",EHRLICH,LAUREN ILYSE RICHIE,LAUREN,10/28/21 - 10/29/21,78712
CELLULAR AND MOLECULAR IMMUNOLOGY - B STUDY SECTION,CMIB,6/23/2022,"EHRLICH, LAUREN ILYSE RICHIE",ASSOCIATE PROFESSOR,DEPARTMENT OF MOLECULAR BIOSCIENCES,INSTITUTE FOR CELLULAR AND MOLECULAR BIOLOGY,THE UNIVERSITY OF TEXAS,"AUSTIN, TX, 78712",,,"EHRLICH, LAUREN ILYSE RICHIE,  PHD",EHRLICH,LAUREN ILYSE RICHIE,LAUREN,06/23/22 -,78712
CELLULAR AND MOLECULAR IMMUNOLOGY - B STUDY SECTION,CMIB,10/27/2022,"EHRLICH, LAUREN ILYSE RICHIE",ASSOCIATE PROFESSOR,DEPARTMENT OF MOLECULAR BIOSCIENCES,INSTITUTE FOR CELLULAR AND MOLECULAR BIOLOGY,THE UNIVERSITY OF TEXAS,"AUSTIN, TX, 78712",,,"EHRLICH, LAUREN ILYSE RICHIE,  PHD",EHRLICH,LAUREN ILYSE RICHIE,LAUREN,10/27/2022,78712
CELLULAR AND MOLECULAR IMMUNOLOGY - B STUDY SECTION,CMIB,3/2/2023,"EHRLICH, LAUREN ILYSE RICHIE",ASSOCIATE PROFESSOR,DEPARTMENT OF MOLECULAR BIOSCIENCES,INSTITUTE FOR CELLULAR AND MOLECULAR BIOLOGY,THE UNIVERSITY OF TEXAS,"AUSTIN, TX, 78712",,,"EHRLICH, LAUREN ILYSE RICHIE,  PHD",EHRLICH,LAUREN ILYSE RICHIE,LAUREN,3/2/2023,78712
CELLULAR AND MOLECULAR IMMUNOLOGY - B STUDY SECTION,CMIB,6/29/2023,"EHRLICH, LAUREN ILYSE RICHIE",ASSOCIATE PROFESSOR,DEPARTMENT OF MOLECULAR BIOSCIENCES,INSTITUTE FOR CELLULAR AND MOLECULAR BIOLOGY,THE UNIVERSITY OF TEXAS,"AUSTIN, TX, 78712",,,"EHRLICH, LAUREN ILYSE RICHIE,  PHD",EHRLICH,LAUREN ILYSE RICHIE,LAUREN,6/29/2023,78712
CELLULAR AND MOLECULAR IMMUNOLOGY - B STUDY SECTION,CMIB,10/26/2023,"EHRLICH, LAUREN ILYSE RICHIE","PROFESSOR, L.LEON CAMPBELL, PH.D",DISTINGUISHED PROFESSOR IN MICROBIOLOGY,DEPARTMENT OF MOLECULAR BIOSCIENCES,THE UNIVERSITY OF TEXAS AT AUSTIN,"AUSTIN,       TX,       78712",,,"EHRLICH, LAUREN  ILYSE RICHIE, PHD",EHRLICH,LAUREN ILYSE RICHIE,LAUREN,10/26/2023,78712
CELLULAR AND MOLECULAR IMMUNOLOGY - B STUDY SECTION,CMIB,6/27/2024,"EHRLICH, LAUREN ILYSE RICHIE","PROFESSOR, L.LEON CAMPBELL, PH.D",DISTINGUISHED PROFESSOR IN MICROBIOLOGY,DEPARTMENT OF MOLECULAR BIOSCIENCES,THE UNIVERSITY OF TEXAS AT AUSTIN,"AUSTIN,       TX,       78712",,,"EHRLICH, LAUREN  ILYSE RICHIE, PHD",EHRLICH,LAUREN ILYSE RICHIE,LAUREN,6/27/2024,78712
"GENOMICS, COMPUTATIONAL BIOLOGY AND TECHNOLOGY STUDY SECTION",GCAT,10/21/2021,"ELLINGTON, ANDREW D",PROFESSOR,DEPARTMENT OF BIOCHEMISTRY,INSTITUTE FOR CELLULAR AND MOLECULAR BIOLOGY,UNIVERSITY OF TEXAS AT AUSTIN,"AUSTIN, TX, 78712",,,"ELLINGTON, ANDREW D, PHD*",ELLINGTON,ANDREW D,ANDREW,10/21/21 - 10/22/21,78712
INSTRUMENTATION AND SYSTEMS DEVELOPMENT STUDY SECTION,ISD,6/11/2024,"FAN, DONGLEI EMMA",PROFESSOR,DEPARTMENT OF MECHANICAL ENGINEERING,UNIVERSITY OF TEXAS AT AUSTIN,"AUSTIN,       TX,       78759",,,,"FAN, DONGLEI  EMMA, PHD",FAN,DONGLEI EMMA,DONGLEI,6/11/2024,78759
MACROMOLECULAR STRUCTURE AND FUNCTION C STUDY SECTION,MSFC,2/8/2024,"FERRE-D'AMARE, ADRIAN R",SENIOR INVESTIGATOR,LABORATORY OF NUCLEIC ACIDS,NATIONAL HEART LUNG AND BLOOD INSTITUTE,NATIONAL INSTITUTES OF HEALTH,"BETHESDA,       MD,       20892",,,"FERRE-D'AMARE, ADRIAN  R, PHD",FERRE-D'AMARE,ADRIAN R,ADRIAN,2/8/2024,78712
"SOCIAL PSYCHOLOGY, PERSONALITY AND INTERPERSONAL PROCESSES STUDY SECTION",SPIP,6/23/2022,"FINGERMAN, KAREN L",PROFESSOR,DEPARTMENT OF HUMAN DEVELOPMENT &amp; FAMILY SCIENCES,SCHOOL OF HUMAN ECOLOGY,THE UNIVERSITY OF TEXAS AT AUSTIN,"AUSTIN, TX, 78712",,,"FINGERMAN, KAREN L,  PHD*",FINGERMAN,KAREN L,KAREN,06/23/22 -,78712
PROKARYOTIC CELL AND MOLECULAR BIOLOGY STUDY SECTION,PCMB,6/21/2021,"FINKELSTEIN, ILYA J",ASSISTANT PROFESSOR,MOLECULAR BIOSCIENCES,COLLEGE OF NATURAL SCIENCES,UNIVERSITY OF TEXAS AT AUSTIN,"AUSTIN, TX, 78712",,,"FINKELSTEIN, ILYA J, PHD*",FINKELSTEIN,ILYA J,ILYA,06/21/21 - 06/22/21,78712
NEUROTOXICOLOGY AND ALCOHOL STUDY SECTION,NAL,6/3/2021,"FONKEN, LAURA K",ASSISTANT PROFESSOR,DEPARTMENT OF PSYCHOLOGY,"UNIVERSITY OF TEXAS, AUSTIN","AUSTIN, TX, 78712",,,,"FONKEN, LAURA K, PHD*",FONKEN,LAURA K,LAURA,06/03/21 - 06/04/21,78712
"BEHAVIORAL NEUROENDOCRINOLOGY, NEUROIMMUNOLOGY, RHYTHMS, AND SLEEP STUDY SECTION",BNRS,10/7/2021,"FONKEN, LAURA K",ASSISTANT PROFESSOR,DEPARTMENT OF PSYCHOLOGY,"UNIVERSITY OF TEXAS, AUSTIN","AUSTIN, TX, 78712",,,,"FONKEN, LAURA K, PHD*",FONKEN,LAURA K,LAURA,10/07/21 - 10/08/21,78712
"BEHAVIORAL NEUROENDOCRINOLOGY, NEUROIMMUNOLOGY, RHYTHMS, AND SLEEP STUDY SECTION",BNRS,10/6/2022,"FONKEN, LAURA K",ASSISTANT PROFESSOR,DIVISION OF PHARMACOLOGY AND TOXICOLOGY,COLLEGE OF PHARMACY,"UNIVERSITY OF TEXAS,  AUSTIN","AUSTIN, TX, 78712",,,"FONKEN, LAURA K,  PHD",FONKEN,LAURA K,LAURA,10/06/22 -,78712
"BEHAVIORAL NEUROENDOCRINOLOGY, NEUROIMMUNOLOGY, RHYTHMS, AND SLEEP STUDY SECTION",BNRS,2/2/2023,"FONKEN, LAURA K",ASSISTANT PROFESSOR,DIVISION OF PHARMACOLOGY AND TOXICOLOGY,COLLEGE OF PHARMACY,"UNIVERSITY OF TEXAS,  AUSTIN","AUSTIN, TX, 78712",,,"FONKEN, LAURA K,  PHD",FONKEN,LAURA K,LAURA,2/2/2023,78712
"BEHAVIORAL NEUROENDOCRINOLOGY, NEUROIMMUNOLOGY, RHYTHMS, AND SLEEP STUDY SECTION",BNRS,6/1/2023,"FONKEN, LAURA K",ASSISTANT PROFESSOR,DIVISION OF PHARMACOLOGY AND TOXICOLOGY,COLLEGE OF PHARMACY,"UNIVERSITY OF TEXAS,  AUSTIN","AUSTIN, TX, 78712",,,"FONKEN, LAURA K,  PHD",FONKEN,LAURA K,LAURA,6/1/2023,78712
"BEHAVIORAL NEUROENDOCRINOLOGY, NEUROIMMUNOLOGY, RHYTHMS, AND SLEEP STUDY SECTION ",BNRS,10/5/2023,"FONKEN, LAURA K",ASSISTANT PROFESSOR,DEPARTMENT OF PHARMACOLOGY AND TOXICOLOGY,COLLEGE OF PHARMACY,"UNIVERSITY OF TEXAS, AUSTIN","AUSTIN,       TX,       78712",,,"FONKEN, LAURA  K, PHD",FONKEN,LAURA K,LAURA,10/5/2023,78712
"BEHAVIORAL NEUROENDOCRINOLOGY, NEUROIMMUNOLOGY, RHYTHMS, AND SLEEP STUDY SECTION ",BNRS,2/1/2024,"FONKEN, LAURA K",ASSISTANT PROFESSOR,DEPARTMENT OF PHARMACOLOGY AND TOXICOLOGY,COLLEGE OF PHARMACY,"UNIVERSITY OF TEXAS, AUSTIN","AUSTIN,       TX,       78712",,,"FONKEN, LAURA  K, PHD",FONKEN,LAURA K,LAURA,2/1/2024,78712
"BEHAVIORAL NEUROENDOCRINOLOGY, NEUROIMMUNOLOGY, RHYTHMS, AND SLEEP STUDY SECTION ",BNRS,5/30/2024,"FONKEN, LAURA K",ASSISTANT PROFESSOR,DEPARTMENT OF PHARMACOLOGY AND TOXICOLOGY,COLLEGE OF PHARMACY,"UNIVERSITY OF TEXAS, AUSTIN","AUSTIN,       TX,       78712",,,"FONKEN, LAURA  K, PHD",FONKEN,LAURA K,LAURA,5/30/2024,78712
"BIOBEHAVIORAL REGULATION, LEARNING AND ETHOLOGY STUDY SECTION",BRLE,2/28/2024,"FREEDBERG, MIKE",ASSISTANT PROFESSOR,DEPARTMENT OF KINESIOLOGY AND HEALTH EDUCATION,UNIVERSITY OF TEXAS AT AUSTIN,"AUSTIN,       TX,       78712",,,,"FREEDBERG, MIKE, PHD",FREEDBERG,MIKE,MIKE,2/28/2024,78712
CLINICAL NEUROPLASTICITY AND NEUROTRANSMITTERS STUDY SECTION,CNNT,6/22/2023,"GAUDET, ANDREW",ASSISTANT PROFESSOR,DEPARTMENT OF PSYCHOLOGY,UNIVERSITY OF TEXAS AT AUSTIN,"AUSTIN, TX, 78712",,,,"GAUDET, ANDREW,  PHD*",GAUDET,ANDREW,ANDREW,6/22/2023,78712
CLINICAL NEUROPLASTICITY AND NEUROTRANSMITTERS STUDY SECTION,CNNT,6/20/2024,"GAUDET, ANDREW",ASSISTANT PROFESSOR,DEPARTMENT PSYCHOLOGY,UNIVERSITY OF TEXAS AT AUSTIN,"AUTSIN,       TX,       78712",,,,"GAUDET, ANDREW, PHD",GAUDET,ANDREW,ANDREW,6/20/2024,78712
SOCIAL SCIENCES AND POPULATION STUDIES B STUDY SECTION,SSPB,2/17/2022,"GAYDOSH, LAUREN M",ASSISTANT PROFESSOR,DEPARTMENT OF SOCIOLOGY,POPULATION RESEARCH CENTER,CENTER ON AGING AND POPULATION SCIENCES,UNIVERSITY OF TEXAS AT AUSTIN,"AUSTIN, TX, 78712",,"GAYDOSH, LAUREN M, PHD*",GAYDOSH,LAUREN M,LAUREN,02/17/22 - 02/18/22,78712
SOCIAL SCIENCES AND POPULATION STUDIES B STUDY SECTION,SSPB,6/23/2022,"GERSHOFF, ELIZABETH T",AMY JOHNSON MCLAUGHLIN CENTENNIAL PROFESSOR,DEPARTMENT OF HUMAN DEVELOPMENT AND FAMILY SCIENCE,"DIRECTOR,  POPULATION RESEARCH CENTER",UNIVERSITY OF TEXAS AT AUSTIN,"AUSTIN, TX, 78704",,,"GERSHOFF, ELIZABETH T,  PHD*",GERSHOFF,ELIZABETH T,ELIZABETH,06/23/22 -,78704
SOCIAL SCIENCES AND POPULATION STUDIES A STUDY SECTION,SSPA,6/7/2021,"GOOSBY, BRIDGET J",PROFESSOR,DEPARTMENT OF SOCIOLOGY,UNIVERSITY OF TEXAS AT AUSTIN,"AUSTIN, TX, 78712",,,,"GOOSBY, BRIDGET J, PHD",GOOSBY,BRIDGET J,BRIDGET,06/07/21 - 06/08/21,78712
SOCIAL SCIENCES AND POPULATION STUDIES A STUDY SECTION,SSPA,10/5/2021,"GOOSBY, BRIDGET J",PROFESSOR,DEPARTMENT OF SOCIOLOGY,UNIVERSITY OF TEXAS AT AUSTIN,"AUSTIN, TX, 78712",,,,"GOOSBY, BRIDGET J, PHD",GOOSBY,BRIDGET J,BRIDGET,10/05/21 - 10/06/21,78712
NEUROSCIENCE OF BASIC VISUAL PROCESSES STUDY SECTION,NBVP,9/29/2022,"GORIS, ROBBE L",ASSISTANT PROFESSOR,DEPARTMENT OF PSYCHOLOGY,UNIVERSITY OF TEXAS AT AUSTIN,"AUSTIN, TX, 78712",,,,"GORIS, ROBBE L,  PHD*",GORIS,ROBBE L,ROBBE,09/29/22 -,78712
LANGUAGE AND COMMUNICATION STUDY SECTION,LCOM,2/16/2023,"GRASSO, STEPHANIE M",ASSISTANT PROFESSOR,"DEPARTMENT OF SPEECH LANGUAGE,  AND HEARING SCIENCE",THE UNIVERSITY OF TEXAS AT AUSTIN,"AUSTIN, TX, 78702",,,,"GRASSO, STEPHANIE M,  PHD*",GRASSO,STEPHANIE M,STEPHANIE,2/16/2023,78702
DEVELOPMENT - 2 STUDY SECTION,DEV2,6/5/2023,"GRAY, RYAN S",ASSISTANT PROFESSOR,DEPARTMENT OF NUTRITIONAL SCIENCES,DEPARTMENT OF PEDIATRICS,"UNIVERSITY OF TEXAS,  AUSTIN","AUSTIN, TX, 78751",,,"GRAY, RYAN S,  PHD*",GRAY,RYAN S,RYAN,6/5/2023,78751
DEVELOPMENT - 2 STUDY SECTION,DEV2,6/10/2024,"GRAY, RYAN S",ASSOCIATE PROFESSOR,DEPARTMENT OF PEDIATRICS,THE UNIVERSITY OF TEXAS AT AUSTIN,"AUSTIN,       TX,       78723",,,,"GRAY, RYAN  S, PHD",GRAY,RYAN S,RYAN,6/10/2024,78723
MUSCULOSKELETAL REHABILITATION SCIENCES STUDY SECTION,MRS,6/13/2024,"GRIFFIN, LISA",ASSOCIATE PROFESSOR,DEPARTMENT OF KINESIOLOGY AND,HEALTH EDUCATION,THE UNIVERSITY OF TEXAS AT AUSTIN,"AUSTIN,       TX,       78712",,,"GRIFFIN, LISA, PHD",GRIFFIN,LISA,LISA,6/13/2024,78712
BIOLOGY AND DEVELOPMENT OF THE EYE STUDY SECTION,BDE,10/17/2022,"GROSS, JEFFREY",PROFESSOR AND CHAIR,DEPARTMENT OF MOLECULAR BIOSCIENCES,"THE UNIVERSITY OF TEXAS,  AUSTIN","AUSTIN, TX, 78712",,,,"GROSS, JEFFREY,  PHD",GROSS,JEFFREY,JEFFREY,10/17/22 -,78712
BIOLOGY AND DEVELOPMENT OF THE EYE STUDY SECTION,BDE,2/9/2023,"GROSS, JEFFREY",PROFESSOR AND CHAIR,DEPARTMENT OF MOLECULAR BIOSCIENCES,THE UNIVERSITY OF TEXAS AT AUSTIN,"AUSTIN, TX, 78712",,,,"GROSS, JEFFREY,  PHD",GROSS,JEFFREY,JEFFREY,2/9/2023,78712
BIOLOGY AND DEVELOPMENT OF THE EYE STUDY SECTION,BDE,6/8/2023,"GROSS, JEFFREY",PROFESSOR AND CHAIR,DEPARTMENT OF MOLECULAR BIOSCIENCES,THE UNIVERSITY OF TEXAS AT AUSTIN,"AUSTIN, TX, 78712",,,,"GROSS, JEFFREY,  PHD",GROSS,JEFFREY,JEFFREY,6/8/2023,78712
BIOLOGY AND DEVELOPMENT OF THE EYE STUDY SECTION,BDE,10/17/2023,"GROSS, JEFFREY",PROFESSOR AND CHAIR,DEPARTMENT OF MOLECULAR BIOSCIENCES,THE UNIVERSITY OF TEXAS AT AUSTIN,"AUSTIN,       TX,       78712",,,,"GROSS, JEFFREY, PHD",GROSS,JEFFREY,JEFFREY,10/17/2023,78712
BIOLOGY AND DEVELOPMENT OF THE EYE STUDY SECTION,BDE,2/15/2024,"GROSS, JEFFREY",PROFESSOR AND CHAIR,DEPARTMENT OF MOLECULAR BIOSCIENCES,THE UNIVERSITY OF TEXAS AT AUSTIN,"AUSTIN,       TX,       78712",,,,"GROSS, JEFFREY, PHD",GROSS,JEFFREY,JEFFREY,2/15/2024,78712
BIOLOGY AND DEVELOPMENT OF THE EYE STUDY SECTION,BDE,6/12/2024,"GROSS, JEFFREY",PROFESSOR AND CHAIR,DEPARTMENT OF MOLECULAR BIOSCIENCES,THE UNIVERSITY OF TEXAS AT AUSTIN,"AUSTIN,       TX,       78712",,,,"GROSS, JEFFREY, PHD",GROSS,JEFFREY,JEFFREY,6/12/2024,78712
LANGUAGE AND COMMUNICATION STUDY SECTION,LCOM,6/8/2023,"HAMILTON, J LIBERTY S",ASSISTANT PROFESSOR,DEPARTMENT OF NEUROLOGY,SCHOOL OF MEDICINE,UNIVERSITY OF TEXAS AT AUSTIN,"AUSTIN, TX, 78702",,,"HAMILTON, J LIBERTY S,  PHD*",HAMILTON,J LIBERTY S,J,6/8/2023,78702
ORGANIZATION AND DELIVERY OF HEALTH SERVICES STUDY SECTION,ODHS,3/3/2022,"HAMPTON, LAUREN H",ASSISTANT PROFESSOR,DEPARTMENT OF SPECIAL EDUCATION,COLLEGE OF EDUCATION,UNIVERSITY OF TEXAS AT AUSTIN,"AUSTIN, TX, 78759",,,"HAMPTON, LAUREN H, PHD*",HAMPTON,LAUREN H,LAUREN,03/03/22 - 03/04/22,78759
PREGNANCY AND NEONATOLOGY STUDY SECTION,PN,6/28/2021,"HARPER, LORIE M",ASSOCIATE PROFESSOR,DIVISION OF MATERNAL-FETAL MEDICINE,UNIVERSITY OF TEXAS,DELL MEDICAL SCHOOL,"AUSTIN, TX, 78730",,,"HARPER, LORIE M, MD*",HARPER,LORIE M,LORIE,06/28/21 - 06/30/21,78730
PREGNANCY AND NEONATOLOGY STUDY SECTION,PN,10/27/2022,"HARPER, LORIE M",ASSOCIATE PROFESSOR,DIVISION OF MATERNAL-FETAL MEDICINE,UNIVERSITY OF TEXAS,DELL MEDICAL SCHOOL,"AUSTIN, TX, 78730",,,"HARPER, LORIE M,  MD*",HARPER,LORIE M,LORIE,10/27/2022,78730
COMMUNITY INFLUENCES ON HEALTH BEHAVIOR STUDY SECTION,CIHB,2/14/2023,"HARRELL, MELISSA B",PROFESSOR,DEPARTMENT OF EPIDEMIOLOGY HUMAN GENETICS AND,ENVIRONMENTAL SCIENCE,"UTHEALTH HOUSTON,  SCHOOL OF PUBLIC HEALTH","AUSTIN, TX, 78701",,,"HARRELL, MELISSAB,  PHD*",HARRELL,MELISSAB,MELISSAB,2/14/2023,78701
MAXIMIZING INVESTIGATORSâ€™ RESEARCH AWARD A STUDY SECTION,MRAA,6/10/2021,"HARSHEY, RASIKA M",PROFESSOR,DEPARTMENT OF MOLECULAR BIOSCIENCES,UNIVERSITY OF TEXAS AT AUSTIN,"AUSTIN, TX, 78712",,,,"HARSHEY, RASIKA M, PHD",HARSHEY,RASIKA M,RASIKA,06/10/21 - 06/11/21,78712
MAXIMIZING INVESTIGATORSâ€™ RESEARCH AWARD A STUDY SECTION,MRAA,10/14/2021,"HARSHEY, RASIKA M",PROFESSOR,DEPARTMENT OF MOLECULAR BIOSCIENCES,UNIVERSITY OF TEXAS AT AUSTIN,"AUSTIN, TX, 78712",,,,"HARSHEY, RASIKA M, PHD",HARSHEY,RASIKA M,RASIKA,10/14/21 - 10/15/21,78712
MAXIMIZING INVESTIGATORS’ RESEARCH AWARD A STUDY SECTION,MRAA,10/12/2022,"HARSHEY, RASIKA M",PROFESSOR,DEPARTMENT OF MOLECULAR BIOSCIENCES,UNIVERSITY OF TEXAS AT AUSTIN,"AUSTIN, TX, 78712",,,,"HARSHEY, RASIKA M,  PHD",HARSHEY,RASIKA M,RASIKA,10/12/22 -,78712
MAXIMIZING INVESTIGATORS’ RESEARCH AWARD A STUDY SECTION,MRAA,2/27/2023,"HARSHEY, RASIKA M",PROFESSOR,DEPARTMENT OF MOLECULAR BIOSCIENCES,UNIVERSITY OF TEXAS AT AUSTIN,"AUSTIN, TX, 78712",,,,"HARSHEY, RASIKA M,  PHD",HARSHEY,RASIKA M,RASIKA,2/27/2023,78712
MAXIMIZING INVESTIGATORS’ RESEARCH AWARD A STUDY SECTION,MRAA,6/12/2023,"HARSHEY, RASIKA M",PROFESSOR,DEPARTMENT OF MOLECULAR BIOSCIENCES,UNIVERSITY OF TEXAS AT AUSTIN,"AUSTIN, TX, 78712",,,,"HARSHEY, RASIKA M,  PHD",HARSHEY,RASIKA M,RASIKA,6/12/2023,78712
MAXIMIZING INVESTIGATORS? RESEARCH AWARD A STUDY SECTION,MRAA,10/19/2023,"HARSHEY, RASIKA M",PROFESSOR,DEPARTMENT OF MOLECULAR BIOSCIENCES,UNIVERSITY OF TEXAS AT AUSTIN,"AUSTIN,       TX,       78712",,,,"HARSHEY, RASIKA  M, PHD",HARSHEY,RASIKA M,RASIKA,10/19/2023,78712
MAXIMIZING INVESTIGATORS? RESEARCH AWARD A STUDY SECTION,MRAA,2/20/2024,"HARSHEY, RASIKA M",PROFESSOR,DEPARTMENT OF MOLECULAR BIOSCIENCES,UNIVERSITY OF TEXAS AT AUSTIN,"AUSTIN,       TX,       78712",,,,"HARSHEY, RASIKA  M, PHD",HARSHEY,RASIKA M,RASIKA,2/20/2024,78712
MAXIMIZING INVESTIGATORS? RESEARCH AWARD A STUDY SECTION,MRAA,7/1/2024,"HARSHEY, RASIKA M",PROFESSOR,DEPARTMENT OF MOLECULAR BIOSCIENCES,UNIVERSITY OF TEXAS AT AUSTIN,"AUSTIN,       TX,       78712",,,,"HARSHEY, RASIKA  M, PHD",HARSHEY,RASIKA M,RASIKA,7/1/2024,78712
HUMAN COMPLEX MENTAL FUNCTION STUDY SECTION,HCMF,6/9/2021,"HAYHOE, MARY M",PROFESSOR,DEPARTMENT OF PSYCHOLOGY,UNIVERSITY OF TEXAS AT AUSTIN,"AUSTIN, TX, 78712",,,,"HAYHOE, MARY M, PHD",HAYHOE,MARY M,MARY,06/09/21 - 06/11/21,78712
MODELING AND ANALYSIS OF BIOLOGICAL SYSTEMS STUDY SECTION,MABS,6/27/2024,"HOSSAIN, SHAOLIE SAMIRA",RESEARCH ASSOCIATE PROFESSOR,ODEN INSTITUTE FOR,COMPUTATIONAL ENGINEEROING & SCIENCES,"AUSTIN,       TX,       78712",,,,"HOSSAIN, SHAOLIE  SAMIRA, PHD",HOSSAIN,SHAOLIE SAMIRA,SHAOLIE,6/27/2024,78712
CLINICAL NEUROPLASTICITY AND NEUROTRANSMITTERS STUDY SECTION,CNNT,6/17/2021,"HOWARD, MACKENZIE A",RESEARCH ASSISTANT PROFESSOR,DEPARTMENT OF NEUROSCIENCE,CENTER FOR LEARNING AND MEMORY AND,INSTITUTE FOR NEUROSCIENCE,UNIVERSITY OF TEXAS AT AUSTIN,"AUSTIN, TX, 78712",,"HOWARD, MACKENZIE A, PHD*",HOWARD,MACKENZIE A,MACKENZIE,06/17/21 - 06/18/21,78712
CLINICAL NEUROPLASTICITY AND NEUROTRANSMITTERS STUDY SECTION,CNNT,10/28/2021,"HOWARD, MACKENZIE A",RESEARCH ASSISTANT PROFESSOR,DEPARTMENT OF NEUROSCIENCE,CENTER FOR LEARNING AND MEMORY AND,INSTITUTE FOR NEUROSCIENCE,UNIVERSITY OF TEXAS AT AUSTIN,"AUSTIN, TX, 78712",,"HOWARD, MACKENZIE A, PHD*",HOWARD,MACKENZIE A,MACKENZIE,10/28/21 - 10/29/21,78712
CLINICAL NEUROPLASTICITY AND NEUROTRANSMITTERS STUDY SECTION,CNNT,3/10/2022,"HOWARD, MACKENZIE A",ASSISTANT PROFESSOR,DEPARTMENT OF NEUROSCIENCE,CENTER FOR LEARNING AND MEMORY ,INSTITUTE FOR NEUROSCIENCE,UNIVERSITY OF TEXAS AT AUSTIN,"AUSTIN, TX, 78712",,"HOWARD, MACKENZIE A, PHD*",HOWARD,MACKENZIE A,MACKENZIE,03/10/22 - 03/11/22,78712
CLINICAL NEUROPLASTICITY AND NEUROTRANSMITTERS STUDY SECTION,CNNT,6/9/2022,"HOWARD, MACKENZIE A",ASSISTANT PROFESSOR,DEPARTMENT OF NEUROSCIENCE,CENTER FOR LEARNING AND MEMORY AND,INSTITUTE FOR NEUROSCIENCE,UNIVERSITY OF TEXAS AT AUSTIN,"AUSTIN, TX, 78712",,"HOWARD, MACKENZIE A,  PHD*",HOWARD,MACKENZIE A,MACKENZIE,06/09/22 -,78712
CLINICAL NEUROPLASTICITY AND NEUROTRANSMITTERS STUDY SECTION,CNNT,2/16/2023,"HOWARD, MACKENZIE A",ASSISTANT PROFESSOR,DEPARTMENT OF NEUROSCIENCE,CENTER FOR LEARNING AND MEMORY AND,INSTITUTE FOR NEUROSCIENCE,UNIVERSITY OF TEXAS AT AUSTIN,"AUSTIN, TX, 78712",,"HOWARD, MACKENZIE A,  PHD*",HOWARD,MACKENZIE A,MACKENZIE,2/16/2023,78712
"ORAL, DENTAL AND CRANIOFACIAL SCIENCES STUDY SECTION",ODCS,2/24/2022,"HOWELL, GARETH R",ASSOCIATE PROFESSOR,THE JACKSON LABORATORY,"BAR HARBOR, ME, 04609",,,,,"HOWELL, GARETH R, PHD",HOWELL,GARETH R,GARETH,02/24/22 - 02/25/22,78712
CHEMICAL BIOLOGY AND PROBES STUDY SECTION,CBP,10/19/2023,"HSU, KU-LUNG",ASSOCIATE PROFESSOR,DEPARTMENT OF CHEMISTRY,UNIVERSITY OF TEXAS AT AUSTIN,"AUSTIN,       TX,       78712",,,,"HSU, KU-LUNG, PHD",HSU,KU-LUNG,KU-LUNG,10/19/2023,78712
ENABLING BIOANALYTICAL AND IMAGING TECHNOLOGIES STUDY SECTION,EBIT,6/20/2024,"HSU, KU-LUNG",ASSOCIATE PROFESSOR,DEPARTMENT OF CHEMISTRY,UNIVERSITY OF TEXAS AT AUSTIN,"AUSTIN,       TX,       78712",,,,"HSU, KU-LUNG, PHD",HSU,KU-LUNG,KU-LUNG,6/20/2024,78712
NEUROSCIENCE OF BASIC VISUAL PROCESSES STUDY SECTION,NBVP,6/9/2021,"HUK, ALEXANDER C",DIRECTOR AND PROFESSOR,CENTER FOR PERCEPTUAL SYSTEMS,THE UNIVERSITY OF TEXAS AT AUSTIN,"AUSTIN, TX, 78712",,,,"HUK, ALEXANDER C, PHD",HUK,ALEXANDER C,ALEXANDER,06/09/21 - 06/09/21,78712
NEUROSCIENCE OF BASIC VISUAL PROCESSES STUDY SECTION,NBVP,2/9/2022,"HUK, ALEXANDER C",DIRECTOR AND PROFESSOR,CENTER FOR PERCEPTUAL SYSTEMS,THE UNIVERSITY OF TEXAS AT AUSTIN,"AUSTIN, TX, 78712",,,,"HUK, ALEXANDER C, PHD",HUK,ALEXANDER C,ALEXANDER,02/09/22 - 02/10/22,78712
NEUROSCIENCE OF BASIC VISUAL PROCESSES STUDY SECTION,NBVP,6/8/2022,"HUK, ALEXANDER C",DIRECTOR AND PROFESSOR,CENTER FOR PERCEPTUAL SYSTEMS,THE UNIVERSITY OF TEXAS AT AUSTIN,"AUSTIN, TX, 78712",,,,"HUK, ALEXANDER C,  PHD",HUK,ALEXANDER C,ALEXANDER,06/08/22 -,78712
"MOTOR FUNCTION, SPEECH AND REHABILITATION STUDY SECTION",MFSR,3/4/2024,"HUSSAIN, SARA J",ASSISTANT PROFESSOR,DEPARTMENT OF KINESIOLOGY AND HEALTH EDUCATION,UNIVERSITY OF TEXAS-AUSTIN,"AUSTIN,       TX,       78712",,,,"HUSSAIN, SARA  J, PHD",HUSSAIN,SARA J,SARA,3/4/2024,78712
"NEURAL BASIS OF PSYCHOPATHOLOGY, ADDICTIONS AND SLEEP DISORDERS STUDY SECTION",NPAS,10/20/2022,"JABBI, MBEMBA",ASSISTANT PROFESSOR,DEPARTMENT OF PSYCHOLOGY,UNIVERSITY OF TEXAS,"AUSTIN, TX, 78712",,,,"JABBI, MBEMBA,  MS,  PHD*",JABBI,MBEMBA,MBEMBA,10/20/22 -,78712
"NEURAL BASIS OF PSYCHOPATHOLOGY, ADDICTIONS AND SLEEP DISORDERS STUDY SECTION",NPAS,2/16/2023,"JABBI, MBEMBA",ASSISTANT PROFESSOR,UNIVERSITY OF TEXAS AT AUSTIN,DEPARTMENT OF PSYCHIATRY,DELL MEDICAL SCHOOL,"AUSTIN, TX, 78712",,,"JABBI, MBEMBA,  MS,  PHD*",JABBI,MBEMBA,MBEMBA,2/16/2023,78712
"NEURAL BASIS OF PSYCHOPATHOLOGY, ADDICTIONS AND SLEEP DISORDERS STUDY SECTION",NPAS,10/12/2023,"JABBI, MBEMBA",ASSISTANT PROFESSOR,DEPARTMENT OF PSYCHIATRY AND,BEHAVIORAL SCIENCES,DELL MEDICAL SCHOOL,UNIVERSITY OF TEXAS AT AUSTIN,"AUSTIN,       TX,       78712",,"JABBI, MBEMBA, PHD",JABBI,MBEMBA,MBEMBA,10/12/2023,78712
"NEURAL BASIS OF PSYCHOPATHOLOGY, ADDICTIONS AND SLEEP DISORDERS STUDY SECTION",NPAS,2/22/2024,"JABBI, MBEMBA",ASSISTANT PROFESSOR,DEPARTMENT OF PSYCHIATRY AND,BEHAVIORAL SCIENCES,DELL MEDICAL SCHOOL,UNIVERSITY OF TEXAS AT AUSTIN,"AUSTIN,       TX,       78712",,"JABBI, MBEMBA, PHD",JABBI,MBEMBA,MBEMBA,2/22/2024,78712
"NEURAL BASIS OF PSYCHOPATHOLOGY, ADDICTIONS AND SLEEP DISORDERS STUDY SECTION",NPAS,6/20/2024,"JABBI, MBEMBA",ASSISTANT PROFESSOR,DEPARTMENT OF PSYCHIATRY AND,BEHAVIORAL SCIENCES,DELL MEDICAL SCHOOL,UNIVERSITY OF TEXAS AT AUSTIN,"AUSTIN,       TX,       78712",,"JABBI, MBEMBA, PHD",JABBI,MBEMBA,MBEMBA,6/20/2024,78712
COMMUNITY INFLUENCES ON HEALTH BEHAVIOR STUDY SECTION,CIHB,2/15/2022,"JANG, YURI",ASSOCIATE PROFESSOR,SCHOOL OF SOCIAL WORK,UNIVERSITY OF TEXAS AT AUSTIN,"AUSTIN, TX, 78723",,,,"JANG, YURI, PHD*",JANG,YURI,YURI,02/15/22 - 02/16/22,78723
BIOCHEMISTRY AND BIOPHYSICS OF MEMBRANES STUDY SECTION,BBM,2/22/2024,"JARA OSEGUERA, ANDRES",ASSISTANT PROFESSOR,DEPARTMENT OF MOLECULAR SCIENCES,UNIVERSITY OF TEXAS AUSTIN,"AUSTIN,       TX,       78712",,,,"JARA OSEGUERA, ANDRES, DSC",JARA OSEGUERA,ANDRES,ANDRES,2/22/2024,78712
"BIOENGINEERING, TECHNOLOGY AND SURGICAL SCIENCES STUDY SECTION",BTSS,10/12/2021,"JIA, YAOYAO",ASSISTANT PROFESSOR,DEPARTMENT OF ELECTRICAL,AND COMPUTER ENGINEERING,UNIVERSITY OF TEXAS,"AUSTIN, TX, 78712",,,"JIA, YAOYAO, PHD*",JIA,YAOYAO,YAOYAO,10/12/21 - 10/13/21,78712
DRUG DISCOVERY AND MOLECULAR PHARMACOLOGY C STUDY SECTION,DMPC,3/7/2024,"KAOUD, TAMER SAAD",RESEARCH ASSISTANT PROFESSOR,CHEMICAL BIOLOGY & MEDICINAL CHEMISTRY,THE UNIVERSITY OF TEXAS AT AUSTIN,"AUSTIN,       TX,       78712",,,,"KAOUD, TAMER  SAAD, PHD",KAOUD,TAMER SAAD,TAMER,3/7/2024,78712
NEURAL OXIDATIVE METABOLISM AND DEATH STUDY SECTION,NOMD,11/8/2021,"KESLER, SHELLI R",ASSOCIATE PROFESSOR,DEPARTMENT OF DIAGNOSTIC MEDICINE,SCHOOL OF NURSING,DELL SCHOOL OF MEDICINE,THE UNIVERSITY OF TEXAS AT AUSTIN,"AUSTIN, TX, 78712",,"KESLER, SHELLI R, PHD",KESLER,SHELLI R,SHELLI,11/08/21 - 11/10/21,78712
DEVELOPMENT - 2 STUDY SECTION,DEV2,10/12/2021,"KIM, JONGHWAN",ASSOCIATE PROFESSOR,DEPARTMENT OF MOLECULAR CELL,AND DEVELOPMENTAL BIOLOGY,UNIVERSITY OF TEXAS AT AUSTIN,"AUSTIN, TX, 78712",,,"KIM, JONGHWAN, PHD*",KIM,JONGHWAN,JONGHWAN,10/12/21 - 10/13/21,78712
PREGNANCY AND NEONATOLOGY STUDY SECTION,PN,2/23/2023,"KIM, JONGHWAN",ASSOCIATE PROFESSOR,DEPARTMENT OF MOLECULAR CELL,AND DEVELOPMENTAL BIOLOGY,UNIVERSITY OF TEXAS AT AUSTIN,"AUSTIN, TX, 78712",,,"KIM, JONGHWAN,  PHD*",KIM,JONGHWAN,JONGHWAN,2/23/2023,78712
"CELLULAR, MOLECULAR AND INTEGRATIVE REPRODUCTION STUDY SECTION",CMIR,6/20/2023,"KIM, JONGHWAN",ASSOCIATE PROFESSOR,DEPARTMENT OF MOLECULAR BIOSCIENCES,UNIVERSITY OF TEXAS AT AUSTIN,"AUSTIN, TX, 78712",,,,"KIM, JONGHWAN,  PHD*",KIM,JONGHWAN,JONGHWAN,6/20/2023,78712
DEVELOPMENT - 2 STUDY SECTION,DEV2,10/10/2023,"KIM, JONGHWAN",PROFESSOR,DEPARTMENT OF MOLECULAR BIOSCIENCES,UNIVERSITY OF TEXAS AT AUSTIN,"AUSTIN,       TX,       78712",,,,"KIM, JONGHWAN, PHD",KIM,JONGHWAN,JONGHWAN,10/10/2023,78712
MOLECULAR GENETICS STUDY SECTION,MG,10/26/2023,"KIM, NAYUN",ASSOCIATE PROFESSOR,DIVISION OF PHARMACOLOGY AND TOXICOLOGY,THE COLLEGE OF PHARMACY,UNIVERSITY OF TEXAS AT AUSTIN,"AUSTIN,       TX,       78723",,,"KIM, NAYUN, PHD",KIM,NAYUN,NAYUN,10/26/2023,78723
MOLECULAR GENETICS STUDY SECTION,MG,2/22/2024,"KIM, NAYUN",ASSOCIATE PROFESSOR,DIVISION OF PHARMACOLOGY AND TOXICOLOGY,THE COLLEGE OF PHARMACY,UNIVERSITY OF TEXAS AT AUSTIN,"AUSTIN,       TX,       78723",,,"KIM, NAYUN, PHD",KIM,NAYUN,NAYUN,2/22/2024,78723
HUMAN STUDIES OF DIABETES AND OBESITY STUDY SECTION,HSDO,10/14/2021,"LEIDY, HEATHER J",ASSOCIATE PROFESSOR,DEPARTMENT OF NUTRITION SCIENCES &amp; PEDIACTRICS,COLLEGE OF NATURAL SCIENCES,DELL MEDICAL SCHOOL,UNIVERSITY OF TEXAS AT AUSTIN,"AUSTIN, TX, 78723",,"LEIDY, HEATHER J, PHD*",LEIDY,HEATHER J,HEATHER,10/14/21 - 10/15/21,78723
ADULT PSYCHOPATHOLOGY AND DISORDERS OF AGING STUDY SECTION,APDA,6/20/2024,"LIPPARD, ELIZABETH",ASSISTANT PROFESSOR,DEPARTMENT OF PSYCHIATRY AND,BEHAVIORAL SCIENCES,DELL MEDICAL SCHOOL,THE UNIVERSITY OF TEXAS AT AUSTIN,"AUSTIN,       TX,       78712",,"LIPPARD, ELIZABETH, PHD",LIPPARD,ELIZABETH,ELIZABETH,6/20/2024,78712
ADDICTION RISKS AND MECHANISMS STUDY SECTION,ARM,10/24/2022,"LIPPARD, ELIZABETH THOMAS COX",ASSISTANT PROFESSOR,DEPARTMENT OF PSYCHIATRY AND,BEHAVIORAL SCIENCES,DELL MEDICAL SCHOOL,THE UNIVERSITY OF TEXAS AT AUSTIN,"AUSTIN, TX, 78712",,"LIPPARD, ELIZABETH THOMAS COX,  PHD*",LIPPARD,ELIZABETH THOMAS COX,ELIZABETH,10/24/2022,78712
SCIENCE OF IMPLEMENTATION IN HEALTH AND HEALTHCARE STUDY SECTION,SIHH,6/25/2024,"LOPEZ, MOLLY A",RESEARCH ASSOCIATE PROFESSOR,CENTER FOR SOCIAL WORK RESEARCH,UNIVERSITY OF TEXAS AT AUSTIN,"AUSTIN,       TX,       78703",,,,"LOPEZ, MOLLY  A, PHD",LOPEZ,MOLLY A,MOLLY,6/25/2024,78703
MAXIMIZING INVESTIGATORS? RESEARCH AWARD C STUDY SECTION,MRAC,2/29/2024,"LOPEZ-MOSQUEDA, JAIME",ASSISTANT PROFESSOR,DEPARTMENT OF MOLECULAR BIOSCIENCES,UNIVERSITY OF TEXAS AT AUSTIN,"AUSTIN,       TX,       78712",,,,"LOPEZ-MOSQUEDA, JAIME, PHD",LOPEZ-MOSQUEDA,JAIME,JAIME,2/29/2024,78712
CHILD PSYCHOPATHOLOGY AND DEVELOPMENTAL DISABILITIES STUDY SECTION,CPDD,2/12/2024,"MAGAÑA, SANDRA M",PROFESSOR,STEVE HICKS SCHOOL OF SOCIAL WORK,THE UNIVERSITY OF TEXAS AT AUSTIN,"AUSTIN,       TX,       78712",,,,"MAGAÑA, SANDRA  M, PHD",MAGAÑA,SANDRA M,SANDRA,2/12/2024,78712
CHILD PSYCHOPATHOLOGY AND DEVELOPMENTAL DISABILITIES STUDY SECTION,CPDD,6/10/2024,"MAGAÑA, SANDRA M",PROFESSOR,STEVE HICKS SCHOOL OF SOCIAL WORK,THE UNIVERSITY OF TEXAS AT AUSTIN,"AUSTIN,       TX,       78712",,,,"MAGAÑA, SANDRA  M, PHD",MAGAÑA,SANDRA M,SANDRA,6/10/2024,78712
CHILD PSYCHOPATHOLOGY AND DEVELOPMENTAL DISABILITIES STUDY SECTION,CPDD,6/17/2021,"MAGANA, SANDRA M",PROFESSOR,STEVE HICKS SCHOOL OF SOCIAL WORK,THE UNIVERSITY OF TEXAS AT AUSTIN,"AUSTIN, TX, 78712",,,,"MAGANA, SANDRA M, PHD",MAGANA,SANDRA M,SANDRA,06/17/21 - 06/18/21,78712
CHILD PSYCHOPATHOLOGY AND DEVELOPMENTAL DISABILITIES STUDY SECTION,CPDD,2/22/2022,"MAGANA, SANDRA M",PROFESSOR,STEVE HICKS SCHOOL OF SOCIAL WORK,THE UNIVERSITY OF TEXAS AT AUSTIN,"AUSTIN, TX, 78712",,,,"MAGANA, SANDRA M, PHD",MAGANA,SANDRA M,SANDRA,02/22/22 - 02/23/22,78712
CHILD PSYCHOPATHOLOGY AND DEVELOPMENTAL DISABILITIES STUDY SECTION,CPDD,6/13/2022,"MAGANA, SANDRA M",PROFESSOR,STEVE HICKS SCHOOL OF SOCIAL WORK,THE UNIVERSITY OF TEXAS AT AUSTIN,"AUSTIN, TX, 78712",,,,"MAGANA, SANDRA M,  PHD",MAGANA,SANDRA M,SANDRA,06/13/22 -,78712
CHILD PSYCHOPATHOLOGY AND DEVELOPMENTAL DISABILITIES STUDY SECTION,CPDD,2/13/2023,"MAGANA, SANDRA M",PROFESSOR,STEVE HICKS SCHOOL OF SOCIAL WORK,THE UNIVERSITY OF TEXAS AT AUSTIN,"AUSTIN, TX, 78712",,,,"MAGANA, SANDRA M,  PHD",MAGANA,SANDRA M,SANDRA,2/13/2023,78712
CHILD PSYCHOPATHOLOGY AND DEVELOPMENTAL DISABILITIES STUDY SECTION,CPDD,6/12/2023,"MAGANA, SANDRA M",PROFESSOR,STEVE HICKS SCHOOL OF SOCIAL WORK,THE UNIVERSITY OF TEXAS AT AUSTIN,"AUSTIN, TX, 78712",,,,"MAGANA, SANDRA M,  PHD",MAGANA,SANDRA M,SANDRA,6/12/2023,78712
NEUROTOXICOLOGY AND ALCOHOL STUDY SECTION,NAL,10/10/2023,"MANGIERI, REGINA A.",ASSISTANT PROFESSOR,DIVISION OF PHARMACOLOGY AND TOXICOLOGY,COLLEGE OF PHARMACY,UNIVERSITY OF TEXAS AT AUSTIN,"AUSTIN,       TX,       78712",,,"MANGIERI, REGINA  A., PHD",MANGIERI,REGINA A.,REGINA,10/10/2023,78712
"BIOBEHAVIORAL REGULATION, LEARNING AND ETHOLOGY STUDY SECTION",BRLE,6/13/2024,"MANGIERI, REGINA A.",ASSISTANT PROFESSOR,DIVISION OF PHARMACOLOGY AND TOXICOLOGY,COLLEGE OF PHARMACY,UNIVERSITY OF TEXAS AT AUSTIN,"AUSTIN,       TX,       78712",,,"MANGIERI, REGINA  A., PHD",MANGIERI,REGINA A.,REGINA,6/13/2024,78712
"LEARNING, MEMORY AND DECISION NEUROSCIENCE STUDY SECTION",LMDN,6/13/2024,"MAUK, MICHAEL D",PROFESSOR,DEPARTMENT OF NEUROSCIENCE,"UNIVERSITY OF TEXAS, AUSTIN","AUSTIN,       TX,       78712",,,,"MAUK, MICHAEL  D, PHD",MAUK,MICHAEL D,MICHAEL,6/13/2024,78712
CELLULAR AND MOLECULAR IMMUNOLOGY - A STUDY SECTION,CMIA,10/14/2021,"MAYNARD, JENNIFER A",PROFESSOR,DEPARTMENT OF CHEMICAL ENGINEERING,UNIVERSITY OF TEXAS AT AUSTIN,"AUSTIN, TX, 78712",,,,"MAYNARD, JENNIFER A, PHD",MAYNARD,JENNIFER A,JENNIFER,10/14/21 - 10/15/21,78712
CELLULAR AND MOLECULAR IMMUNOLOGY - A STUDY SECTION,CMIA,2/17/2022,"MAYNARD, JENNIFER A",PROFESSOR,DEPARTMENT OF CHEMICAL ENGINEERING,UNIVERSITY OF TEXAS AT AUSTIN,"AUSTIN, TX, 78712",,,,"MAYNARD, JENNIFER A, PHD",MAYNARD,JENNIFER A,JENNIFER,02/17/22 - 02/18/22,78712
CELLULAR AND MOLECULAR IMMUNOLOGY - A STUDY SECTION,CMIA,10/20/2022,"MAYNARD, JENNIFER A",PROFESSOR,DEPARTMENT OF CHEMICAL ENGINEERING,UNIVERSITY OF TEXAS AT AUSTIN,"AUSTIN, TX, 78712",,,,"MAYNARD, JENNIFER A,  PHD",MAYNARD,JENNIFER A,JENNIFER,10/20/22 -,78712
CELLULAR AND MOLECULAR IMMUNOLOGY - A STUDY SECTION,CMIA,3/16/2023,"MAYNARD, JENNIFER A",PROFESSOR,DEPARTMENT OF CHEMICAL ENGINEERING,UNIVERSITY OF TEXAS AT AUSTIN,"AUSTIN, TX, 78712",,,,"MAYNARD, JENNIFER A,  PHD",MAYNARD,JENNIFER A,JENNIFER,3/16/2023,78712
CELLULAR AND MOLECULAR IMMUNOLOGY - A STUDY SECTION,CMIA,6/22/2023,"MAYNARD, JENNIFER A",PROFESSOR,DEPARTMENT OF CHEMICAL ENGINEERING,UNIVERSITY OF TEXAS AT AUSTIN,"AUSTIN, TX, 78712",,,,"MAYNARD, JENNIFER A,  PHD",MAYNARD,JENNIFER A,JENNIFER,6/22/2023,78712
CELLULAR AND MOLECULAR IMMUNOLOGY - A STUDY SECTION,CMIA,10/26/2023,"MAYNARD, JENNIFER A",PROFESSOR,DEPARTMENT OF CHEMICAL ENGINEERING,UNIVERSITY OF TEXAS AT AUSTIN,"AUSTIN,       TX,       78712",,,,"MAYNARD, JENNIFER  A, PHD",MAYNARD,JENNIFER A,JENNIFER,10/26/2023,78712
CELLULAR AND MOLECULAR IMMUNOLOGY - A STUDY SECTION,CMIA,3/7/2024,"MAYNARD, JENNIFER A",PROFESSOR,DEPARTMENT OF CHEMICAL ENGINEERING,UNIVERSITY OF TEXAS AT AUSTIN,"AUSTIN,       TX,       78712",,,,"MAYNARD, JENNIFER  A, PHD",MAYNARD,JENNIFER A,JENNIFER,3/7/2024,78712
CELLULAR AND MOLECULAR IMMUNOLOGY - A STUDY SECTION,CMIA,6/13/2024,"MAYNARD, JENNIFER A",PROFESSOR,DEPARTMENT OF CHEMICAL ENGINEERING,UNIVERSITY OF TEXAS AT AUSTIN,"AUSTIN,       TX,       78712",,,,"MAYNARD, JENNIFER  A, PHD",MAYNARD,JENNIFER A,JENNIFER,6/13/2024,78712
POPULATION BASED RESEARCH IN INFECTIOUS DISEASE STUDY SECTION,PRID,10/30/2023,"MEYERS, LAUREN A",PROFESSOR,DEPARTMENT OF INTEGRATIVE BIOLOGY,THE UNIVERSITY OF TEXAS AT AUSTIN,"AUSTIN,       TX,       78712",,,,"MEYERS, LAUREN  A, PHD",MEYERS,LAUREN A,LAUREN,10/30/2023,78712
"INFECTIOUS DISEASES, REPRODUCTIVE HEALTH, ASTHMA AND PULMONARY CONDITIONS STUDY SECTION",IRAP,7/7/2022,"MEYERS, LAUREN ANCEL",PROFESSOR,DEPARTMENT OF INTERGRATED BIOLOGY,THE UNIVERSITY OF TEXAS AT AUSTIN,"AUSTIN, TX, 78712",,,,"MEYERS, LAUREN ANCEL,  PHD",MEYERS,LAUREN ANCEL,LAUREN,07/07/22 -,78712
CANCER ETIOLOGY STUDY SECTION,CE,6/15/2021,"MILLER, KYLE M",ASSOCIATE PROFESSOR,DEPARTMENT OF MOLECULAR BIOSCIENCES,UNIVERSITY OF TEXAS AT AUSTIN,"AUSTIN, TX, 78712",,,,"MILLER, KYLE M, PHD",MILLER,KYLE M,KYLE,06/15/21 - 06/16/21,78712
CANCER ETIOLOGY STUDY SECTION,CE,3/1/2022,"MILLER, KYLE M",ASSOCIATE PROFESSOR,DEPARTMENT OF MOLECULAR BIOSCIENCES,UNIVERSITY OF TEXAS AT AUSTIN,"AUSTIN, TX, 78712",,,,"MILLER, KYLE M, PHD",MILLER,KYLE M,KYLE,03/01/22 - 03/02/22,78712
CANCER ETIOLOGY STUDY SECTION,CE,6/21/2022,"MILLER, KYLE M",ASSOCIATE PROFESSOR,DEPARTMENT OF MOLECULAR BIOSCIENCES,UNIVERSITY OF TEXAS AT AUSTIN,"AUSTIN, TX, 78712",,,,"MILLER, KYLE M,  PHD",MILLER,KYLE M,KYLE,06/21/22 -,78712
RADIATION THERAPEUTICS AND BIOLOGY STUDY SECTION,RTB,6/12/2023,"MILLER, KYLE M",ASSOCIATE PROFESSOR,DEPARTMENT OF MOLECULAR BIOSCIENCES,INSTITUTE FOR CELLULAR AND MOLECULAR BIOLOGY,UNIVERSITY OF TEXAS AT AUSTIN,"AUSTIN, TX, 78712",,,"MILLER, KYLE M,  PHD*",MILLER,KYLE M,KYLE,6/12/2023,78712
RADIATION THERAPEUTICS AND BIOLOGY STUDY SECTION,RTB,10/23/2023,"MILLER, KYLE M",BENJAMIN CLAYTON CENTENNIAL PROFESSORSHIP IN BIOCHEMISTRY,DEPARTMENT OF MOLECULAR BIOSCIENCES,INSTITUTE FOR CELLULAR AND MOLECULAR BIOLOGY,UNIVERSITY OF TEXAS AT AUSTIN,"AUSTIN,       TX,       78712",,,"MILLER, KYLE  M, PHD",MILLER,KYLE M,KYLE,10/23/2023,78712
"BIOENGINEERING, TECHNOLOGY AND SURGICAL SCIENCES STUDY SECTION",BTSS,6/12/2023,"MISERLIS, DIMITRIOS",ASSISTANT PROFESSOR,DIVISION OF VASCULAR SURGERY,DEPARTMENT OF SURGERY AND PERIOPERATIVE CARE,UT AUSTIN DELL MEDICAL SCHOOL,THE UNIVERSITY OF TEXAS AT AUSTIN,"AUSTIN, TX, 78701",,"MISERLIS, DIMITRIOS,  MD*",MISERLIS,DIMITRIOS,DIMITRIOS,6/12/2023,78701
PREGNANCY AND NEONATOLOGY STUDY SECTION,PN,2/23/2023,"MOORE, BRIANNA F",ASSISTANT PROFESSOR,THE UNIVERSITY OF TEXAS HEALTH SCIENCE,CENTER SCHOOL OF PUBLIC HEALTH IN AUSTIN,"AUSTIN, TX, 78701",,,,"MOORE, BRIANNAF,  BS,  MS,  PHD*",MOORE,BRIANNAF,BRIANNAF,2/23/2023,78701
PATHOPHYSIOLOGICAL BASIS OF MENTAL DISORDERS AND ADDICTIONS STUDY SECTION,PMDA,2/2/2022,"MORIKAWA, HITOSHI",ASSOCIATE PROFESSOR,DEPARTMENT OF NEUROSCIENCE.,WAGGONER CENTER FOR ALCOHOL AND ADDICTION RESEARCH,UNIVERSITY OF TEXAS AT AUSTIN,"AUSTIN, TX, 78712",,,"MORIKAWA, HITOSHI, MD, PHD*",MORIKAWA,HITOSHI,HITOSHI,02/02/22 - 02/03/22,78712
PATHOPHYSIOLOGICAL BASIS OF MENTAL DISORDERS AND ADDICTIONS STUDY SECTION,PMDA,9/28/2022,"MORIKAWA, HITOSHI",ASSOCIATE PROFESSOR,DEPARTMENT OF NEUROSCIENCE.,WAGGONER CENTER FOR ALCOHOL AND ADDICTION RESEARCH,UNIVERSITY OF TEXAS AT AUSTIN,"AUSTIN, TX, 78712",,,"MORIKAWA, HITOSHI,  MD,  PHD*",MORIKAWA,HITOSHI,HITOSHI,09/28/22 -,78712
PATHOPHYSIOLOGICAL BASIS OF MENTAL DISORDERS AND ADDICTIONS STUDY SECTION,PMDA,5/31/2023,"MORIKAWA, HITOSHI",ASSOCIATE PROFESSOR,DEPARTMENT OF NEUROSCIENCE.,WAGGONER CENTER FOR ALCOHOL AND ADDICTION RESEARCH,UNIVERSITY OF TEXAS AT AUSTIN,"AUSTIN, TX, 78712",,,"MORIKAWA, HITOSHI,  MD,  PHD*",MORIKAWA,HITOSHI,HITOSHI,5/31/2023,78712
PATHOPHYSIOLOGICAL BASIS OF MENTAL DISORDERS AND ADDICTIONS STUDY SECTION,PMDA,9/27/2023,"MORIKAWA, HITOSHI",ASSOCIATE PROFESSOR,DEPARTMENT OF NEUROSCIENCE.,WAGGONER CENTER FOR ALCOHOL AND ADDICTION RESEARCH,UNIVERSITY OF TEXAS AT AUSTIN,"AUSTIN,       TX,       78712",,,"MORIKAWA, HITOSHI, MD, PHD",MORIKAWA,HITOSHI,HITOSHI,9/27/2023,78712
PATHOPHYSIOLOGICAL BASIS OF MENTAL DISORDERS AND ADDICTIONS STUDY SECTION,PMDA,2/7/2024,"MORIKAWA, HITOSHI",ASSOCIATE PROFESSOR,DEPARTMENT OF NEUROSCIENCE.,WAGGONER CENTER FOR ALCOHOL AND ADDICTION RESEARCH,UNIVERSITY OF TEXAS AT AUSTIN,"AUSTIN,       TX,       78712",,,"MORIKAWA, HITOSHI, MD, PHD",MORIKAWA,HITOSHI,HITOSHI,2/7/2024,78712
PATHOPHYSIOLOGICAL BASIS OF MENTAL DISORDERS AND ADDICTIONS STUDY SECTION,PMDA,5/29/2024,"MORIKAWA, HITOSHI",ASSOCIATE PROFESSOR,DEPARTMENT OF NEUROSCIENCE.,WAGGONER CENTER FOR ALCOHOL AND ADDICTION RESEARCH,UNIVERSITY OF TEXAS AT AUSTIN,"AUSTIN,       TX,       78712",,,"MORIKAWA, HITOSHI, MD, PHD",MORIKAWA,HITOSHI,HITOSHI,5/29/2024,78712
NEUROBIOLOGY OF MOTIVATED BEHAVIOR STUDY SECTION,NMB,11/2/2023,"NATIVIDAD, LUIS A",ASSISTANT PROFESSOR,COLLEGE OF PHARMACY,DIVISION OF PHARMACOLOGY AND TOXICOLOGY,UNIVERSITY OF TEXAS AT AUSTIN,"AUSTIN,       TX,       78712",,,"NATIVIDAD, LUIS  A, PHD",NATIVIDAD,LUIS A,LUIS,11/2/2023,78712
NEUROBIOLOGY OF MOTIVATED BEHAVIOR STUDY SECTION,NMB,6/20/2024,"NATIVIDAD, LUIS ALBERTO",ASSISTANT PROFESSOR,DEPARTMENT OF PHARMACOLOGY AND TOXICOLOGY,COLLEGE OF PHARMACY,THE UNIVERSITY OF TEXAS AT AUSTIN,"AUSTIN,       TX,       78712",,,"NATIVIDAD, LUIS  ALBERTO, PHD",NATIVIDAD,LUIS ALBERTO,LUIS,6/20/2024,78712
GENETIC VARIATION AND EVOLUTION STUDY SECTION,GVE,6/9/2021,"OCHMAN, HOWARD",PROFESSOR,DEPARTMENT OF INTEGRATIVE BIOLOGY,UNIVERSITY OF TEXAS AT AUSTIN,"AUSTIN, TX, 78712",,,,"OCHMAN, HOWARD, PHD",OCHMAN,HOWARD,HOWARD,06/09/21 - 06/10/21,78712
CELL STRUCTURE AND FUNCTION 1 STUDY SECTION,CSF1,10/12/2023,"PAREKH, SAPUN",ASSISTANT PROFESSOR,DEPARTMENT OF BIOMEDICAL ENGINEERING,COCKRELL SCHOOL OF ENGINEERING,THE UNIVERSITY OF TEXAS AT AUSTIN,"AUSTIN,       TX,       78712",,,"PAREKH, SAPUN  H",PAREKH,SAPUN,SAPUN,10/12/2023,78712
AGING SYSTEMS AND GERIATRICS STUDY SECTION,ASG,6/17/2021,"PEREZ, ADRIANA",PROFESSOR,DEPARTMENT OF BIOSTATISTICS AND DATA SCIENCE,SCHOOL OF PUBLIC HEALTH,"UNIVERSITY OF TEXAS HEALTH SCIENCE CENTER, HOUSTON","AUSTIN, TX, 78701",,,"PEREZ, ADRIANA, PHD",PEREZ,ADRIANA,ADRIANA,06/17/21 - 06/18/21,78701
AGING SYSTEMS AND GERIATRICS STUDY SECTION,ASG,10/21/2021,"PEREZ, ADRIANA",PROFESSOR,DEPARTMENT OF BIOSTATISTICS AND DATA SCIENCE,SCHOOL OF PUBLIC HEALTH,"UNIVERSITY OF TEXAS HEALTH SCIENCE CENTER, HOUSTON","AUSTIN, TX, 78701",,,"PEREZ, ADRIANA, PHD",PEREZ,ADRIANA,ADRIANA,10/21/21 - 10/22/21,78701
AGING SYSTEMS AND GERIATRICS STUDY SECTION,ASG,6/9/2022,"PEREZ, ADRIANA",PROFESSOR,DEPARTMENT OF BIOSTATISTICS AND DATA SCIENCE,SCHOOL OF PUBLIC HEALTH,"UNIVERSITY OF TEXAS HEALTH SCIENCE CENTER,  HOUSTON","AUSTIN, TX, 78701",,,"PEREZ, ADRIANA,  PHD",PEREZ,ADRIANA,ADRIANA,06/09/22 -,78701
AGING SYSTEMS AND GERIATRICS STUDY SECTION,ASG,10/13/2022,"PEREZ, ADRIANA",PROFESSOR,DEPARTMENT OF BIOSTATISTICS AND DATA SCIENCE,SCHOOL OF PUBLIC HEALTH,"UNIVERSITY OF TEXAS HEALTH SCIENCE CENTER,  HOUSTON","AUSTIN, TX, 78701",,,"PEREZ, ADRIANA,  PHD",PEREZ,ADRIANA,ADRIANA,10/13/22 -,78701
AGING SYSTEMS AND GERIATRICS STUDY SECTION,ASG,2/16/2023,"PEREZ, ADRIANA",PROFESSOR,DEPARTMENT OF BIOSTATISTICS AND DATA SCIENCE,SCHOOL OF PUBLIC HEALTH,UNIVERSITY OF TEXAS HEALTH SCIENCE CENTER,AT HOUSTON,"AUSTIN, TX, 78701",,"PEREZ, ADRIANA,  PHD",PEREZ,ADRIANA,ADRIANA,2/16/2023,78701
AGING SYSTEMS AND GERIATRICS STUDY SECTION,ASG,6/8/2023,"PEREZ, ADRIANA",PROFESSOR,DEPARTMENT OF BIOSTATISTICS AND DATA SCIENCE,SCHOOL OF PUBLIC HEALTH,UNIVERSITY OF TEXAS HEALTH SCIENCE CENTER,AT HOUSTON,"AUSTIN, TX, 78701",,"PEREZ, ADRIANA,  PHD",PEREZ,ADRIANA,ADRIANA,6/8/2023,78701
EMERGING IMAGING TECHNOLOGIES IN NEUROSCIENCE STUDY SECTION,EITN,10/21/2021,"PESTILLI, FRANCO",ASSOCIATE PROFESSOR,DEPARTMENT OF PSYCHOLOGY,THE UNIVERSITY OF TEXAS,"AUSTIN, TX, 78712",,,,"PESTILLI, FRANCO, PHD, MA, BA*",PESTILLI,FRANCO,FRANCO,10/21/21 - 10/22/21,78712
EMERGING IMAGING TECHNOLOGIES IN NEUROSCIENCE STUDY SECTION,EITN,2/24/2022,"PESTILLI, FRANCO",ASSOCIATE PROFESSOR,DEPARTMENT OF PSYCHOLOGY,THE UNIVERSITY OF TEXAS,"AUSTIN, TX, 78712",,,,"PESTILLI, FRANCO, PHD, MA, BA*",PESTILLI,FRANCO,FRANCO,02/24/22 - 02/25/22,78712
EMERGING IMAGING TECHNOLOGIES IN NEUROSCIENCE STUDY SECTION,EITN,10/20/2022,"PESTILLI, FRANCO",ASSOCIATE PROFESSOR,DEPARTMENT OF PSYCHOLOGY,THE UNIVERSITY OF TEXAS,"AUSTIN, TX, 78712",,,,"PESTILLI, FRANCO,  PHD*",PESTILLI,FRANCO,FRANCO,10/20/22 -,78712
BIODATA MANAGEMENT AND ANALYSIS STUDY SECTION,BDMA,10/19/2023,"PESTILLI, FRANCO",ASSOCIATE PROFESSOR,DEPARTMENT OF PSYCHOLOGY,THE UNIVERSITY OF TEXAS,"AUSTIN,       TX,       78712",,,,"PESTILLI, FRANCO, PHD",PESTILLI,FRANCO,FRANCO,10/19/2023,78712
BIODATA MANAGEMENT AND ANALYSIS STUDY SECTION,BDMA,2/22/2024,"PESTILLI, FRANCO",ASSOCIATE PROFESSOR,DEPARTMENT OF PSYCHOLOGY,THE UNIVERSITY OF TEXAS,"AUSTIN,       TX,       78712",,,,"PESTILLI, FRANCO, PHD",PESTILLI,FRANCO,FRANCO,2/22/2024,78712
"BIOBEHAVIORAL REGULATION, LEARNING AND ETHOLOGY STUDY SECTION",BRLE,10/17/2023,"PHELPS, STEVEN M",PROFESSOR,DEPARTMENT OF INTEGRATIVE BIOLOGY,THE UNIVERSITY OF TEXAS AT AUSTIN,"AUSTIN,       TX,       78712",,,,"PHELPS, STEVEN  M, PHD",PHELPS,STEVEN M,STEVEN,10/17/2023,78712
"LEARNING, MEMORY AND DECISION NEUROSCIENCE STUDY SECTION",LMDN,2/23/2023,"PIERCE, JONATHAN THOMAS",ASSOCIATE PROFESSOR,DEPARTMENT OF NEUROSCIENCE,WAGGONER CENTER FOR ALCOHOL,AND ADDICTION RESEARCH,"THE UNIVERSITY OF TEXAS,  AUSTIN","AUSTIN, TX, 78705",,"PIERCE, JONATHAN THOMAS,  PHD*",PIERCE,JONATHAN THOMAS,JONATHAN,2/23/2023,78705
"LEARNING, MEMORY AND DECISION NEUROSCIENCE STUDY SECTION",LMDN,10/19/2023,"PIERCE, JONATHAN THOMAS",ASSOCIATE PROFESSOR,DEPARTMENT OF NEUROSCIENCE,WAGGONER CENTER FOR ALCOHOL,AND ADDICTION RESEARCH,"THE UNIVERSITY OF TEXAS, AUSTIN","AUSTIN,       TX,       78705",,"PIERCE, JONATHAN  THOMAS, PHD",PIERCE,JONATHAN THOMAS,JONATHAN,10/19/2023,78705
HEALTH PROMOTION IN COMMUNITIES STUDY SECTION,HPC,2/20/2024,"PINEDO, MIGUEL",ASSOCIATE PROFESSOR,DEPARTMENT OF KINESIOLOGY,AND HEALTH EDUCATION,UNIVERSITY OF TEXAS AT AUSTIN,"AUSTIN,       TX,       78712",,,"PINEDO, MIGUEL, PHD",PINEDO,MIGUEL,MIGUEL,2/20/2024,78712
IMAGING TECHNOLOGY DEVELOPMENT STUDY SECTION,ITD,2/27/2023,"PORTER, EMILY",ASSISTANT PROFESSOR,DEPARTMENT OF ELECTRICAL,AND COMPUTER ENGINEERING,UNIVERSITY OF TEXAS AT AUSTIN,"AUSTIN, TX, 78751",,,"PORTER, EMILY,  PHD*",PORTER,EMILY,EMILY,2/27/2023,78751
"LEARNING, MEMORY AND DECISION NEUROSCIENCE STUDY SECTION",LMDN,6/17/2021,"PRESTON, ALISON R",PROFESSOR,DEPARTMENT OF PSYCHOLOGY AND NEUROSCIENCE,UNIVERSITY OF TEXAS AT AUSTIN,"AUSTIN, TX, 78712",,,,"PRESTON, ALISON R, PHD",PRESTON,ALISON R,ALISON,06/17/21 - 06/18/21,78712
SYNTHETIC AND BIOLOGICAL CHEMISTRY A STUDY SECTION,SBCA,6/1/2022,"QUE, EMILY L",ASSOCIATE PROFESSOR,DEPARTMENT OF CHEMISTRY,UNIVERSITY OF TEXAS AT AUSTIN,"AUSTIN, TX, 78712",,,,"QUE, EMILY L,  PHD*",QUE,EMILY L,EMILY,06/01/22 -,78712
IMAGING PROBES AND CONTRAST AGENTS STUDY SECTION,IPCA,10/12/2023,"QUE, EMILY L",ASSISTANT PROFESSOR,DEPARTMENT OF CHEMISTRY,UNIVERSITY OF TEXAS AT AUSTIN,"AUSTIN,       TX,       78712",,,,"QUE, EMILY  L, PHD",QUE,EMILY L,EMILY,10/12/2023,78712
LANGUAGE AND COMMUNICATION STUDY SECTION,LCOM,6/23/2022,"QUINTO-POZOS, DAVID G",ASSOCIATE PROFESSOR,DEPARTMENT OF LINGUISTICS,THE UNIVERSITY OF TEXAS AT AUSTIN,"AUSTIN, TX, 78712",,,,"QUINTO-POZOS, DAVID G,  PHD*",QUINTO-POZOS,DAVID G,DAVID,06/23/22 -,78712
LANGUAGE AND COMMUNICATION STUDY SECTION,LCOM,6/27/2024,"QUINTO-POZOS, DAVID G",PROFESSOR,DEPARTMENT OF LINGUISTICS,THE UNIVERSITY OF TEXAS AT AUSTIN,"AUSTIN,       TX,       78712",,,,"QUINTO-POZOS, DAVID  G, PHD",QUINTO-POZOS,DAVID G,DAVID,6/27/2024,78712
BIOBEHAVIORAL MEDICINE AND HEALTH OUTCOMES STUDY SECTION,BMHO,10/4/2021,"RADHAKRISHNAN, KAVITA",ASSOCIATE PROFESSOR,SCHOOL OF NURSING,UNIVERSITY OF TEXAS AUSTIN,"AUSTIN, TX, 78712",,,,"RADHAKRISHNAN, KAVITA, PHD*",RADHAKRISHNAN,KAVITA,KAVITA,10/04/21 - 10/05/21,78712
BIOBEHAVIORAL MEDICINE AND HEALTH OUTCOMES STUDY SECTION,BMHO,6/6/2022,"RADHAKRISHNAN, KAVITA",ASSOCIATE PROFESSOR,SCHOOL OF NURSING,UNIVERSITY OF TEXAS AUSTIN,"AUSTIN, TX, 78712",,,,"RADHAKRISHNAN, KAVITA,  PHD*",RADHAKRISHNAN,KAVITA,KAVITA,06/06/22 -,78712
BIOBEHAVIORAL MEDICINE AND HEALTH OUTCOMES STUDY SECTION,BMHO,6/5/2023,"RADHAKRISHNAN, KAVITA",ASSOCIATE PROFESSOR,SCHOOL OF NURSING,UNIVERSITY OF TEXAS AUSTIN,"AUSTIN, TX, 78712",,,,"RADHAKRISHNAN, KAVITA,  PHD*",RADHAKRISHNAN,KAVITA,KAVITA,6/5/2023,78712
BIOBEHAVIORAL MEDICINE AND HEALTH OUTCOMES STUDY SECTION,BMHO,10/3/2023,"RADHAKRISHNAN, KAVITA",ASSOCIATE PROFESSOR,SCHOOL OF NURSING,UNIVERSITY OF TEXAS AUSTIN,"AUSTIN,       TX,       78712",,,,"RADHAKRISHNAN, KAVITA, PHD",RADHAKRISHNAN,KAVITA,KAVITA,10/3/2023,78712
BIOBEHAVIORAL MEDICINE AND HEALTH OUTCOMES STUDY SECTION,BMHO,1/29/2024,"RADHAKRISHNAN, KAVITA",ASSOCIATE PROFESSOR,SCHOOL OF NURSING,UNIVERSITY OF TEXAS AUSTIN,"AUSTIN,       TX,       78712",,,,"RADHAKRISHNAN, KAVITA, PHD",RADHAKRISHNAN,KAVITA,KAVITA,1/29/2024,78712
BIOBEHAVIORAL MEDICINE AND HEALTH OUTCOMES STUDY SECTION,BMHO,6/3/2024,"RADHAKRISHNAN, KAVITA",ASSOCIATE PROFESSOR,SCHOOL OF NURSING,UNIVERSITY OF TEXAS AUSTIN,"AUSTIN,       TX,       78712",,,,"RADHAKRISHNAN, KAVITA, PHD",RADHAKRISHNAN,KAVITA,KAVITA,6/3/2024,78712
BIOSTATISTICAL METHODS AND RESEARCH DESIGN STUDY SECTION,BMRD,11/2/2021,"RATHOUZ, PAUL JOSEPH",PROFESSOR,DEPARTMENT OF POPULATION HEALTH,BIOMEDICAL DATA SCIENCE HUB,DELL MEDICAL SCHOOL,UNIVERSITY OF TEXAS AT AUSTIN,"AUSTIN, TX, 78712",,"RATHOUZ, PAUL JOSEPH, PHD",RATHOUZ,PAUL JOSEPH,PAUL,11/02/21 - 11/03/21,78712
BIOSTATISTICAL METHODS AND RESEARCH DESIGN STUDY SECTION,BMRD,3/3/2022,"RATHOUZ, PAUL JOSEPH",PROFESSOR,DEPARTMENT OF POPULATION HEALTH,BIOMEDICAL DATA SCIENCE HUB,DELL MEDICAL SCHOOL,UNIVERSITY OF TEXAS AT AUSTIN,"AUSTIN, TX, 78712",,"RATHOUZ, PAUL JOSEPH, PHD",RATHOUZ,PAUL JOSEPH,PAUL,03/03/22 - 03/04/22,78712
ANALYTICS AND STATISTICS FOR POPULATION RESEARCH PANEL B STUDY SECTION,ASPB,10/20/2022,"RATHOUZ, PAUL JOSEPH",PROFESSOR,DEPARTMENT OF POPULATION HEALTH,DELL MEDICAL SCHOOL,UNIVERSITY OF TEXAS AT AUSTIN,"AUSTIN, TX, 78712",,,"RATHOUZ, PAUL JOSEPH,  PHD",RATHOUZ,PAUL JOSEPH,PAUL,10/20/22 -,78712
ANALYTICS AND STATISTICS FOR POPULATION RESEARCH PANEL B STUDY SECTION,ASPB,2/22/2023,"RATHOUZ, PAUL JOSEPH",PROFESSOR,DEPARTMENT OF POPULATION HEALTH,DELL MEDICAL SCHOOL,UNIVERSITY OF TEXAS AT AUSTIN,"AUSTIN, TX, 78712",,,"RATHOUZ, PAUL JOSEPH,  PHD",RATHOUZ,PAUL JOSEPH,PAUL,2/22/2023,78712
ANALYTICS AND STATISTICS FOR POPULATION RESEARCH PANEL B STUDY SECTION,ASPB,11/14/2023,"RATHOUZ, PAUL JOSEPH",PROFESSOR,DEPARTMENT OF POPULATION HEALTH,DELL MEDICAL SCHOOL,UNIVERSITY OF TEXAS AT AUSTIN,"AUSTIN,       TX,       78712",,,"RATHOUZ, PAUL JOSEPH,  PHD",RATHOUZ,PAUL JOSEPH,PAUL,11/14/2023,78712
ANALYTICS AND STATISTICS FOR POPULATION RESEARCH PANEL B STUDY SECTION,ASPB,2/12/2024,"RATHOUZ, PAUL JOSEPH",PROFESSOR,DEPARTMENT OF POPULATION HEALTH,DELL MEDICAL SCHOOL,UNIVERSITY OF TEXAS AT AUSTIN,"AUSTIN,       TX,       78712",,,"RATHOUZ, PAUL JOSEPH,  PHD",RATHOUZ,PAUL JOSEPH,PAUL,2/12/2024,78712
ANALYTICS AND STATISTICS FOR POPULATION RESEARCH PANEL B STUDY SECTION,ASPB,7/16/2024,"RATHOUZ, PAUL JOSEPH",PROFESSOR,DEPARTMENT OF POPULATION HEALTH,BIOMEDICAL DATA SCIENCE HUB,DELL MEDICAL SCHOOL,UNIVERSITY OF TEXAS AT AUSTIN,"AUSTIN,       TX,       78712",,"RATHOUZ, PAUL JOSEPH,  PHD",RATHOUZ,PAUL JOSEPH,PAUL,7/16/2024,78712
HEALTHCARE AND HEALTH DISPARITIES STUDY SECTION,HHD,6/8/2021,"RODRIGUEZ, ERIN M.",ASSOCIATE PROFESSOR,DEPARTMENT OF EDUCATIONAL PSYCHOLOGY,COLLEGE OF EDUCATION,THE UNIVESITY OF TEXAS AT AUSTIN,"AUSTIN, TX, 78712",,,"RODRIGUEZ, ERIN M., PHD*",RODRIGUEZ,ERIN M.,ERIN,06/08/21 - 06/09/21,78712
"BIOENGINEERING OF NEUROSCIENCE, VISION AND LOW VISION TECHNOLOGIES STUDY SECTION",BNVT,10/20/2022,"ROSALES, ADRIANNE",ASSISTANT PROFESSOR,DEPARTMENT CHEMICAL ENGINEERING,UNIVERSITY OF TEXAS AT AUSTIN,"AUSTIN, TX, 78712",,,,"ROSALES, ADRIANNE,  PHD*",ROSALES,ADRIANNE,ADRIANNE,10/20/22 -,78712
MODELING AND ANALYSIS OF BIOLOGICAL SYSTEMS STUDY SECTION,MABS,6/7/2022,"SACKS, MICHAEL S",PROFESSOR,DEPARTMENT OF BIOMEDICAL ENGINEERING,UNIVERSITY OF TEXAS AT AUSTIN,"AUSTIN, TX, 78712",,,,"SACKS, MICHAEL S,  PHD*",SACKS,MICHAEL S,MICHAEL,06/07/22 -,78712
ENABLING BIOANALYTICAL AND IMAGING TECHNOLOGIES STUDY SECTION,EBIT,10/5/2023,"SAMANTA, DEVLEENA",ASSISTANT PROFESSOR,DEPARTMENT OF CHEMISTRY,UNIVERSITY OF TEXAS AT AUSTIN,"AUSTIN,       TX,       78712",,,,"SAMANTA, DEVLEENA, PHD",SAMANTA,DEVLEENA,DEVLEENA,10/5/2023,78712
"BIOENGINEERING OF NEUROSCIENCE, VISION AND LOW VISION TECHNOLOGIES STUDY SECTION",BNVT,2/17/2022,"SANTACRUZ, SAMANTHA ROSE",ASSISTANT PROFESSOR,COCKRELL SCHOOL OF ENGINEERING,BIOMEDICAL ENGINEERING,THE UNIVERSITY OF TEXAS AT AUSTIN,"AUSTIN, TX, 78712",,,"SANTACRUZ, SAMANTHA ROSE, PHD*",SANTACRUZ,SAMANTHA ROSE,SAMANTHA,02/17/22 - 02/18/22,78712
ADULT PSYCHOPATHOLOGY AND DISORDERS OF AGING STUDY SECTION,APDA,6/7/2021,"SCHNYER, DAVID M",PROFESSOR,DEPARTMENT OF PSYCHOLOGY AND NEUROSCIENCE,"UNIVERSITY OF TEXAS, AUSTIN","AUSTIN, TX, 78712",,,,"SCHNYER, DAVID M, PHD*",SCHNYER,DAVID M,DAVID,06/07/21 - 06/08/21,78712
NEUROSCIENCE OF BASIC VISUAL PROCESSES STUDY SECTION,NBVP,6/7/2023,"SEIDEMANN, EYAL J",PROFESSOR,DEPARTMENTS OF PSYCHOLOGY AND NEUROSCIENCE,UNIVERSITY OF TEXAS AT AUSTIN,"AUSTIN, TX, 78712",,,,"SEIDEMANN, EYALJ,  PHD*",SEIDEMANN,EYALJ,EYALJ,6/7/2023,78712
"BIOENGINEERING OF NEUROSCIENCE, VISION AND LOW VISION TECHNOLOGIES STUDY SECTION",BNVT,10/20/2022,"SEIDLITS, STEPHANIE KRISTIN",ASSOCIATE PROFESSOR,DEPARTMENT OF BIOMEDICAL ENGINEERING,"UNIVERSITY OF TEXAS,  AUSTIN","AUSTIN, TX, 78712",,,,"SEIDLITS, STEPHANIE KRISTIN,  PHD",SEIDLITS,STEPHANIE KRISTIN,STEPHANIE,10/20/22 -,78712
"BIOENGINEERING OF NEUROSCIENCE, VISION AND LOW VISION TECHNOLOGIES STUDY SECTION",BNVT,2/15/2023,"SEIDLITS, STEPHANIE KRISTIN",ASSOCIATE PROFESSOR,DEPARTMENT OF BIOMEDICAL ENGINEERING,"UNIVERSITY OF TEXAS,  AUSTIN","AUSTIN, TX, 78712",,,,"SEIDLITS, STEPHANIE KRISTIN,  PHD",SEIDLITS,STEPHANIE KRISTIN,STEPHANIE,2/15/2023,78712
"BIOENGINEERING OF NEUROSCIENCE, VISION AND LOW VISION TECHNOLOGIES STUDY SECTION",BNVT,6/15/2023,"SEIDLITS, STEPHANIE KRISTIN",ASSOCIATE PROFESSOR,DEPARTMENT OF BIOMEDICAL ENGINEERING,"UNIVERSITY OF TEXAS,  AUSTIN","AUSTIN, TX, 78712",,,,"SEIDLITS, STEPHANIE KRISTIN,  PHD",SEIDLITS,STEPHANIE KRISTIN,STEPHANIE,6/15/2023,78712
"BIOENGINEERING OF NEUROSCIENCE, VISION AND LOW VISION TECHNOLOGIES STUDY SECTION",BNVT,10/19/2023,"SEIDLITS, STEPHANIE KRISTIN",ASSOCIATE PROFESSOR,DEPARTMENT OF BIOMEDICAL ENGINEERING,"UNIVERSITY OF TEXAS, AUSTIN","AUSTIN,       TX,       78712",,,,"SEIDLITS, STEPHANIE  KRISTIN, PHD",SEIDLITS,STEPHANIE KRISTIN,STEPHANIE,10/19/2023,78712
"BIOENGINEERING OF NEUROSCIENCE, VISION AND LOW VISION TECHNOLOGIES STUDY SECTION",BNVT,3/7/2024,"SEIDLITS, STEPHANIE KRISTIN",ASSOCIATE PROFESSOR,DEPARTMENT OF BIOMEDICAL ENGINEERING,"UNIVERSITY OF TEXAS, AUSTIN","AUSTIN,       TX,       78712",,,,"SEIDLITS, STEPHANIE  KRISTIN, PHD",SEIDLITS,STEPHANIE KRISTIN,STEPHANIE,3/7/2024,78712
"BIOENGINEERING OF NEUROSCIENCE, VISION AND LOW VISION TECHNOLOGIES STUDY SECTION",BNVT,6/20/2024,"SEIDLITS, STEPHANIE KRISTIN",ASSOCIATE PROFESSOR,DEPARTMENT OF BIOMEDICAL ENGINEERING,"UNIVERSITY OF TEXAS, AUSTIN","AUSTIN,       TX,       78712",,,,"SEIDLITS, STEPHANIE  KRISTIN, PHD",SEIDLITS,STEPHANIE KRISTIN,STEPHANIE,6/20/2024,78712
AUDITORY SYSTEM STUDY SECTION,AUD,6/9/2022,"SMITH, SPENCER",ASSISTANT PROFESSOR,"DEPARTMENT OF SPEECH,  LANGUAGE",AND HEARING SCIENCES,"THE UNIVERSITY OF TEXAS,  AUSTIN","AUSTIN, TX, 78712",,,"SMITH, SPENCER,  PHD*",SMITH,SPENCER,SPENCER,06/09/22 -,78712
NANOTECHNOLOGY STUDY SECTION,NANO,10/13/2021,"SMYTH, HUGH DAVID",ASSOCIATE PROFESSOR,DIVISION OF PHARMACEUTICS,COLLEGE OF PHARMACY,UNIVERSITY OF TEXAS AT AUSTIN,"AUSTIN, TX, 78712",,,"SMYTH, HUGH DAVID, PHD*",SMYTH,HUGH DAVID,HUGH,10/13/21 - 10/14/21,78712
CANCER BIOMARKERS STUDY SECTION,CBSS,10/18/2021,"SORACE, ANNA C",ASSISTANT PROFESSOR,DEPARTMENT OF RADIOLOGY,SCHOOL OF MEDICINE,DIVISION OF ADVANCED MEDICAL IMAGING RESEARCH,UNIVERSITY OF ALABAMA AT BIRMINGHAM,"AUSTIN, TX, 78723",,"SORACE, ANNA C, PHD*",SORACE,ANNA C,ANNA,10/18/21 - 10/19/21,78723
MAXIMIZING INVESTIGATORS' RESEARCH AWARD - E STUDY SECTION,MRAE,10/17/2023,"STACHOWIAK, JEANNE CASSTEVENS",PROFESSOR,DEPARTMENT OF CHEMICAL ENGINEERING,DEPARTMENT OF BIOMEDICAL ENGINEERING,THE UNIVERSITY OF TEXAS AT AUSTIN,"AUSTIN,       TX,       78712",,,"STACHOWIAK, JEANNE  CASSTEVENS, PHD",STACHOWIAK,JEANNE CASSTEVENS,JEANNE,10/17/2023,78712
MAXIMIZING INVESTIGATORS' RESEARCH AWARD - E STUDY SECTION,MRAE,3/5/2024,"STACHOWIAK, JEANNE CASSTEVENS",PROFESSOR,DEPARTMENT OF CHEMICAL ENGINEERING,DEPARTMENT OF BIOMEDICAL ENGINEERING,THE UNIVERSITY OF TEXAS AT AUSTIN,"AUSTIN,       TX,       78712",,,"STACHOWIAK, JEANNE  CASSTEVENS, PHD",STACHOWIAK,JEANNE CASSTEVENS,JEANNE,3/5/2024,78712
MAXIMIZING INVESTIGATORS' RESEARCH AWARD - E STUDY SECTION,MRAE,6/20/2024,"STACHOWIAK, JEANNE CASSTEVENS",PROFESSOR,DEPARTMENT OF CHEMICAL ENGINEERING,DEPARTMENT OF BIOMEDICAL ENGINEERING,THE UNIVERSITY OF TEXAS AT AUSTIN,"AUSTIN,       TX,       78712",,,"STACHOWIAK, JEANNE  CASSTEVENS, PHD",STACHOWIAK,JEANNE CASSTEVENS,JEANNE,6/20/2024,78712
CLINICAL MANAGEMENT IN GENERAL CARE SETTINGS STUDY SECTION,CMGC,10/16/2023,"STEINHARDT, MARY A",PROFESSOR,DEPARTMENT OF KINESIOLOGY AND HEALTH EDUCATION,THE UNIVERSITY OF TEXAS AT AUSTIN,"AUSTIN,       TX,       78712",,,,"STEINHARDT, MARY  A, EDD",STEINHARDT,MARY A,MARY,10/16/2023,78712
CLINICAL MANAGEMENT IN GENERAL CARE SETTINGS STUDY SECTION,CMGC,2/7/2022,"STEINHARDT, MARY A.",PROFESSOR,DEPARTMENT OF KINESIOLOGY AND HEALTH EDUCATION,THE UNIVERSITY OF TEXAS AT AUSTIN,"AUSTIN, TX, 78712",,,,"STEINHARDT, MARY A., EDD*",STEINHARDT,MARY A.,MARY,02/07/22 - 02/08/22,78712
INTEGRATIVE VASCULAR PHYSIOLOGY AND PATHOLOGY STUDY SECTION,IVPP,6/20/2023,"STONE, AUDREY J",ASSOCIATE PROFESSOR,DEPARTMENT OF KINESIOLOGY AND HEALTH EDUCATION,COLLEGE OF EDUCATION,THE UNIVERSITY OF TEXAS AT AUSTIN,"AUSTIN, TX, 78712",,,"STONE, AUDREY J,  PHD*",STONE,AUDREY J,AUDREY,6/20/2023,78712
CELLULAR AND MOLECULAR TECHNOLOGIES STUDY SECTION,CMT,6/22/2021,"SUGGS, LAURA",PROFESSOR,DEPARTMENT OF BIOMEDICAL ENGINEERING,COCKRELL SCHOOL OF ENGINEERING,THE UNIVERSITY OF TEXAS AT AUSTIN,"AUSTIN, TX, 78712",,,"SUGGS, LAURA, PHD",SUGGS,LAURA,LAURA,06/22/21 - 06/23/21,78712
CELLULAR AND MOLECULAR TECHNOLOGIES STUDY SECTION,CMT,10/20/2021,"SUGGS, LAURA",PROFESSOR,DEPARTMENT OF BIOMEDICAL ENGINEERING,COCKRELL SCHOOL OF ENGINEERING,THE UNIVERSITY OF TEXAS AT AUSTIN,"AUSTIN, TX, 78712",,,"SUGGS, LAURA, PHD",SUGGS,LAURA,LAURA,10/20/21 - 10/21/21,78712
CELLULAR AND MOLECULAR TECHNOLOGIES STUDY SECTION,CMT,10/19/2022,"SUGGS, LAURA",PROFESSOR,DEPARTMENT OF BIOMEDICAL ENGINEERING,COCKRELL SCHOOL OF ENGINEERING,THE UNIVERSITY OF TEXAS AT AUSTIN,"AUSTIN, TX, 78712",,,"SUGGS, LAURA,  PHD",SUGGS,LAURA,LAURA,10/19/22 -,78712
CELLULAR AND MOLECULAR TECHNOLOGIES STUDY SECTION,CMT,2/15/2023,"SUGGS, LAURA",PROFESSOR,DEPARTMENT OF BIOMEDICAL ENGINEERING,COCKRELL SCHOOL OF ENGINEERING,THE UNIVERSITY OF TEXAS AT AUSTIN,"AUSTIN, TX, 78712",,,"SUGGS, LAURA,  PHD",SUGGS,LAURA,LAURA,2/15/2023,78712
CELLULAR AND MOLECULAR TECHNOLOGIES STUDY SECTION,CMT,6/21/2023,"SUGGS, LAURA",PROFESSOR,DEPARTMENT OF BIOMEDICAL ENGINEERING,COCKRELL SCHOOL OF ENGINEERING,THE UNIVERSITY OF TEXAS AT AUSTIN,"AUSTIN, TX, 78712",,,"SUGGS, LAURA,  PHD",SUGGS,LAURA,LAURA,6/21/2023,78712
VIROLOGY - B STUDY SECTION,VIRB,6/9/2021,"SULLIVAN, CHRISTOPHER S",PROFESSOR,DEPARTMENT OF MOLECULAR BIOSCIENCES,COLLEGE OF NATURAL SCIENCES,UNIVERSITY OF TEXAS AT AUSTIN,"AUSTIN, TX, 78712",,,"SULLIVAN, CHRISTOPHER S, PHD",SULLIVAN,CHRISTOPHER S,CHRISTOPHER,06/09/21 - 06/10/21,78712
VIROLOGY - B STUDY SECTION,VIRB,11/3/2021,"SULLIVAN, CHRISTOPHER S",PROFESSOR,DEPARTMENT OF MOLECULAR BIOSCIENCES,COLLEGE OF NATURAL SCIENCES,UNIVERSITY OF TEXAS AT AUSTIN,"AUSTIN, TX, 78712",,,"SULLIVAN, CHRISTOPHER S, PHD",SULLIVAN,CHRISTOPHER S,CHRISTOPHER,11/03/21 - 11/04/21,78712
VIROLOGY - B STUDY SECTION,VIRB,2/23/2022,"SULLIVAN, CHRISTOPHER S",PROFESSOR,DEPARTMENT OF MOLECULAR BIOSCIENCES,COLLEGE OF NATURAL SCIENCES,UNIVERSITY OF TEXAS AT AUSTIN,"AUSTIN, TX, 78712",,,"SULLIVAN, CHRISTOPHER S, PHD",SULLIVAN,CHRISTOPHER S,CHRISTOPHER,02/23/22 - 02/24/22,78712
VIROLOGY - B STUDY SECTION,VIRB,6/29/2022,"SULLIVAN, CHRISTOPHER S",PROFESSOR,DEPARTMENT OF MOLECULAR BIOSCIENCES,COLLEGE OF NATURAL SCIENCES,UNIVERSITY OF TEXAS AT AUSTIN,"AUSTIN, TX, 78712",,,"SULLIVAN, CHRISTOPHER S,  PHD",SULLIVAN,CHRISTOPHER S,CHRISTOPHER,06/29/22 -,78712
VIRAL PATHOGENESIS AND IMMUNITY STUDY SECTION,VPI,2/14/2023,"SULLIVAN, CHRISTOPHER S",PROFESSOR,DEPARTMENT OF MOLECULAR BIOSCIENCES,COLLEGE OF NATURAL SCIENCES,UNIVERSITY OF TEXAS AT AUSTIN,"AUSTIN, TX, 78712",,,"SULLIVAN, CHRISTOPHER S,  PHD",SULLIVAN,CHRISTOPHER S,CHRISTOPHER,2/14/2023,78712
VIRAL PATHOGENESIS AND IMMUNITY STUDY SECTION,VPI,6/14/2023,"SULLIVAN, CHRISTOPHER S",PROFESSOR,DEPARTMENT OF MOLECULAR BIOSCIENCES,COLLEGE OF NATURAL SCIENCES,UNIVERSITY OF TEXAS AT AUSTIN,"AUSTIN, TX, 78712",,,"SULLIVAN, CHRISTOPHER S,  PHD",SULLIVAN,CHRISTOPHER S,CHRISTOPHER,6/14/2023,78712
VIRAL DYNAMICS AND TRANSMISSION STUDY SECTION ,VDT,10/26/2023,"SULLIVAN, CHRISTOPHER S",PROFESSOR,DEPARTMENT OF MOLECULAR BIOSCIENCES,COLLEGE OF NATURAL SCIENCES,UNIVERSITY OF TEXAS AT AUSTIN,"AUSTIN,       TX,       78712",,,"SULLIVAN, CHRISTOPHER  S, PHD",SULLIVAN,CHRISTOPHER S,CHRISTOPHER,10/26/2023,78712
VIRAL DYNAMICS AND TRANSMISSION STUDY SECTION ,VDT,2/22/2024,"SULLIVAN, CHRISTOPHER S",PROFESSOR,DEPARTMENT OF MOLECULAR BIOSCIENCES,COLLEGE OF NATURAL SCIENCES,UNIVERSITY OF TEXAS AT AUSTIN,"AUSTIN,       TX,       78712",,,"SULLIVAN, CHRISTOPHER  S, PHD",SULLIVAN,CHRISTOPHER S,CHRISTOPHER,2/22/2024,78712
VIRAL DYNAMICS AND TRANSMISSION STUDY SECTION ,VDT,6/20/2024,"SULLIVAN, CHRISTOPHER S",PROFESSOR,DEPARTMENT OF MOLECULAR BIOSCIENCES,COLLEGE OF NATURAL SCIENCES,UNIVERSITY OF TEXAS AT AUSTIN,"AUSTIN,       TX,       78712",,,"SULLIVAN, CHRISTOPHER  S, PHD",SULLIVAN,CHRISTOPHER S,CHRISTOPHER,6/20/2024,78712
MAXIMIZING INVESTIGATORSâ€™ RESEARCH AWARD C STUDY SECTION,MRAC,3/3/2022,"SUNG, SIBUM",ASSOCIATE PROFESSOR,DEPARTMENT OF MOLECULAR BIOSCIENCES,COLLEGE OF NATURAL SCIENCES,THE UNIVERSITY OF TEXAS AT AUSTIN,"AUSTIN, TX, 78712",,,"SUNG, SIBUM, PHD*",SUNG,SIBUM,SIBUM,03/03/22 - 03/04/22,78712
CLINICAL TRANSLATIONAL IMAGING SCIENCE STUDY SECTION,CTIS,2/16/2023,"TAMIR, JONATHAN ISAAC",ASSISTANT PROFESSOR,DEPARTMENT OF ELECTRICAL AND COMPUTER ENGINEERING,UNIVERSITY OF TEXAS AT AUSTIN,"AUSTIN, TX, 78712",,,,"TAMIR, JONATHAN ISAAC,  PHD*",TAMIR,JONATHAN ISAAC,JONATHAN,2/16/2023,78712
MACROMOLECULAR STRUCTURE AND FUNCTION C STUDY SECTION,MSFC,6/10/2021,"TAYLOR, DAVID W",ASSISTANT PROFESSOR AND CPRIT SCHOLAR,DEPARTMENT OF MOLECULAR BIOSCIENCES,UNIVERSITY OF TEXAS AT AUSTIN,"AUSTIN, TX, 78712",,,,"TAYLOR, DAVID W, PHD*",TAYLOR,DAVID W,DAVID,06/10/21 - 06/11/21,78712
SOCIAL SCIENCES AND POPULATION STUDIES B STUDY SECTION,SSPB,2/16/2023,"THOMAS, KEVIN J A",PROFESSOR,DEPARTMENT OF AFRICAN AND AFRICAN DIASPORA STUDIES,UNIVERSITY OF TEXAS AT AUSTIN,"AUSTIN, TX, 78712",,,,"THOMAS, KEVIN J A,  PHD*",THOMAS,KEVIN J A,KEVIN,2/16/2023,78712
"SOCIAL PSYCHOLOGY, PERSONALITY AND INTERPERSONAL PROCESSES STUDY SECTION",SPIP,10/19/2023,"TIMMONS, ADELA",ASSISTANT PROFESSOR,DEPARTMENT OF PSYCHOLOGY,COLLEGE OF LIBERAL ARTS,UNIVERSITY OF TEXAS,"AUSTIN,       TX,       78712",,,"TIMMONS, ADELA, PHD",TIMMONS,ADELA,ADELA,10/19/2023,78712
MECHANISMS OF CANCER THERAPEUTICS C STUDY SECTION ,MCTC,10/26/2023,"TIZIANI, STEFANO",ASSOCIATE PROFESSOR,DEPARTMENT OF NUTRITIONAL SCIENCES,DELL PEDIATRIC RESEARCH INSTITUTE,DELL MEDICAL SCHOOL,UNIVERSITY OF TEXAS AT AUSTIN,"AUSTIN,       TX,       78723",,"TIZIANI, STEFANO, PHD",TIZIANI,STEFANO,STEFANO,10/26/2023,78723
CANCER IMMUNOPATHOLOGY AND IMMUNOTHERAPY STUDY SECTION,CII,6/23/2022,"TRIPLETT, TODD",ASSISTANT PROFESSOR,DEPARTMENT OF ONCOLOGY,UNIVERSITY OF TEXAS,"AUSTIN, TX, 78712",,,,"TRIPLETT, TODD,  PHD*",TRIPLETT,TODD,TODD,06/23/22 -,78712
"NEUROLOGICAL, MENTAL AND BEHAVIORAL HEALTH STUDY SECTION",NMBH,10/17/2022,"TUCKER-DROB, ELLIOT M",ASSOCIATE PROFESSOR,DEPARTMENT OF PSYCHOLOGY,UNIVERSITY OF TEXAS AT AUSTIN,"AUSTIN, TX, 78712",,,,"TUCKER-DROB, ELLIOT M,  PHD,  MA*",TUCKER-DROB,ELLIOT M,ELLIOT,10/17/22 -,78712
"NEUROLOGICAL, MENTAL AND BEHAVIORAL HEALTH STUDY SECTION",NMBH,10/19/2023,"TUCKER-DROB, ELLIOT M",PROFESSOR,DEPARTMENT OF PSYCHOLOGY,UNIVERSITY OF TEXAS AT AUSTIN,"AUSTIN,       TX,       78712",,,,"TUCKER-DROB, ELLIOT  M, PHD",TUCKER-DROB,ELLIOT M,ELLIOT,10/19/2023,78712
"NEUROLOGICAL, MENTAL AND BEHAVIORAL HEALTH STUDY SECTION",NMBH,2/21/2024,"TUCKER-DROB, ELLIOT M",PROFESSOR,DEPARTMENT OF PSYCHOLOGY,UNIVERSITY OF TEXAS AT AUSTIN,"AUSTIN,       TX,       78712",,,,"TUCKER-DROB, ELLIOT  M, PHD",TUCKER-DROB,ELLIOT M,ELLIOT,2/21/2024,78712
"NEUROLOGICAL, MENTAL AND BEHAVIORAL HEALTH STUDY SECTION",NMBH,5/30/2024,"TUCKER-DROB, ELLIOT M",PROFESSOR,DEPARTMENT OF PSYCHOLOGY,UNIVERSITY OF TEXAS AT AUSTIN,"AUSTIN,       TX,       78712",,,,"TUCKER-DROB, ELLIOT  M, PHD",TUCKER-DROB,ELLIOT M,ELLIOT,5/30/2024,78712
IMAGING PROBES AND CONTRAST AGENTS STUDY SECTION,IPCA,10/13/2022,"TUNNELL, JAMES W",ASSOCIATE PROFESSOR,DEPARTMENT OF BIOMEDICAL ENGINEERING,UNIVERSITY OF TEXAS AT AUSTIN,"AUSTIN, TX, 78712",,,,"TUNNELL, JAMES W,  PHD*",TUNNELL,JAMES W,JAMES,10/13/22 -,78712
SOCIAL SCIENCES AND POPULATION STUDIES B STUDY SECTION,SSPB,6/17/2021,"UMBERSON, DEBRA J",PROFESSOR,DEPARTMENT OF SOCIOLOGY,UNIVERSITY OF TEXAS AT AUSTIN,"AUSTIN, TX, 78712",,,,"UMBERSON, DEBRA J, PHD",UMBERSON,DEBRA J,DEBRA,06/17/21 - 06/18/21,78712
DEVELOPMENT - 1 STUDY SECTION,DEV1,6/3/2021,"VOKES, STEVEN A",ASSOCIATE PROFESSOR,DEPARTMENT OF MOLECULAR BIOSCIENCES,"UNIVERSITY OF TEXAS, AUSTIN","AUSTIN, TX, 78712",,,,"VOKES, STEVEN A, PHD",VOKES,STEVEN A,STEVEN,06/03/21 - 06/04/21,78712
DEVELOPMENT - 1 STUDY SECTION,DEV1,10/20/2021,"VOKES, STEVEN A",ASSOCIATE PROFESSOR,DEPARTMENT OF MOLECULAR BIOSCIENCES,"UNIVERSITY OF TEXAS, AUSTIN","AUSTIN, TX, 78712",,,,"VOKES, STEVEN A, PHD",VOKES,STEVEN A,STEVEN,10/20/21 - 10/21/21,78712
DEVELOPMENT - 1 STUDY SECTION,DEV1,2/9/2022,"VOKES, STEVEN A",ASSOCIATE PROFESSOR,DEPARTMENT OF MOLECULAR BIOSCIENCES,"UNIVERSITY OF TEXAS, AUSTIN","AUSTIN, TX, 78712",,,,"VOKES, STEVEN A, PHD",VOKES,STEVEN A,STEVEN,02/09/22 - 02/10/22,78712
DEVELOPMENT - 1 STUDY SECTION,DEV1,10/20/2022,"VOKES, STEVEN A",ASSOCIATE PROFESSOR,DEPARTMENT OF MOLECULAR BIOSCIENCES,"UNIVERSITY OF TEXAS,  AUSTIN","AUSTIN, TX, 78712",,,,"VOKES, STEVEN A,  PHD",VOKES,STEVEN A,STEVEN,10/20/22 -,78712
DEVELOPMENT - 1 STUDY SECTION,DEV1,2/14/2023,"VOKES, STEVEN A",ASSOCIATE PROFESSOR,DEPARTMENT OF MOLECULAR BIOSCIENCES,"UNIVERSITY OF TEXAS,  AUSTIN","AUSTIN, TX, 78712",,,,"VOKES, STEVEN A,  PHD",VOKES,STEVEN A,STEVEN,2/14/2023,78712
"MOTOR FUNCTION, SPEECH AND REHABILITATION STUDY SECTION",MFSR,2/7/2022,"WANG, JUN",ASSOCIATE PROFESSOR,"DEPARTMENT OF SPEECH, LANGUAGE",AND HEARING SCIENCE,UNIVERSITY OF TEXAS AT AUSTIN,"AUSTIN, TX, 78712",,,"WANG, JUN, PHD*",WANG,JUN,JUN,02/07/22 - 02/08/22,78712
SOCIAL SCIENCES AND POPULATION STUDIES A STUDY SECTION,SSPA,10/18/2022,"WEITZMAN, ABIGAIL MAE",ASSISTANT PROFESSOR,DEPARTMENT OF SOCIOLOGY,UNIVERSITY OF TEXAS AT AUSTIN,"AUSTIN, TX, 78712",,,,"WEITZMAN, ABIGAIL MAE,  PHD*",WEITZMAN,ABIGAIL MAE,ABIGAIL,10/18/22 -,78712
SOCIAL SCIENCES AND POPULATION STUDIES B STUDY SECTION,SSPB,6/13/2024,"WEITZMAN, ABIGAIL MAE",ASSOCIATE PROFESSOR,DEPARTMENT OF SOCIOLOGY,UNIVERSITY OF TEXAS AT AUSTIN,"AUSTIN,       TX,       78712",,,,"WEITZMAN, ABIGAIL  MAE, PHD",WEITZMAN,ABIGAIL MAE,ABIGAIL,6/13/2024,78712
KIDNEY ENDOCRINE AND DIGESTIVE DISORDERS STUDY SECTION,KEDD,2/9/2023,"WIDEN, ELIZABETH M",ASSISTANT PROFESSOR,DEPARTMENT OF NUTRITIONAL SCIENCES,SCHOOL OF HUMAN ECOLOGY,THE UNIVERSITY OF TEXAS AT AUSTIN,"AUSTIN, TX, 78712",,,"WIDEN, ELIZABETH M,  PHD*",WIDEN,ELIZABETH M,ELIZABETH,2/9/2023,78712
LIFESTYLE CHANGE AND BEHAVIORAL HEALTH STUDY SECTION,LCBH,2/15/2024,"WIDEN, ELIZABETH MARIE",ASSISTANT PROFESSOR,DEPARTMENT OF NUTRITIONAL SCIENCES,SCHOOL OF HUMAN ECOLOGY,THE UNIVERSITY OF TEXAS AT AUSTIN,"AUSTIN,       TX,       78712",,,"WIDEN, ELIZABETH  MARIE, PHD",WIDEN,ELIZABETH MARIE,ELIZABETH,2/15/2024,78712
GENETIC VARIATION AND EVOLUTION STUDY SECTION,GVE,10/28/2021,"WILKE, CLAUS",PROFESSOR,DEPARTMENT OF INTEGRATIVE BIOLOGY,INSTITUTE OF CELLULAR AND MOLECULAR BIOLOGY,THE UNIVERSITY OF TEXAS AT AUSTIN,"AUSTIN, TX, 78712",,,"WILKE, CLAUS, PHD*",WILKE,CLAUS,CLAUS,10/28/21 - 10/29/21,78712
GENETIC VARIATION AND EVOLUTION STUDY SECTION,GVE,10/20/2022,"WILKE, CLAUS O",PROFESSOR AND DEPARTMENT CHAIR,DEPARTMENT OF INTEGRATIVE BIOLOGY,INSTITUTE OF CELLULAR AND MOLECULAR BIOLOGY,THE UNIVERSITY OF TEXAS AT AUSTIN,"AUSTIN, TX, 78712",,,"WILKE, CLAUS O,  PHD",WILKE,CLAUS O,CLAUS,10/20/22 -,78712
GENETIC VARIATION AND EVOLUTION STUDY SECTION,GVE,2/15/2023,"WILKE, CLAUS O",PROFESSOR AND DEPARTMENT CHAIR,DEPARTMENT OF INTEGRATIVE BIOLOGY,THE UNIVERSITY OF TEXAS AT AUSTIN,"AUSTIN, TX, 78712",,,,"WILKE, CLAUS O,  PHD",WILKE,CLAUS O,CLAUS,2/15/2023,78712
GENETIC VARIATION AND EVOLUTION STUDY SECTION,GVE,6/13/2023,"WILKE, CLAUS O",PROFESSOR AND DEPARTMENT CHAIR,DEPARTMENT OF INTEGRATIVE BIOLOGY,THE UNIVERSITY OF TEXAS AT AUSTIN,"AUSTIN, TX, 78712",,,,"WILKE, CLAUS O,  PHD",WILKE,CLAUS O,CLAUS,6/13/2023,78712
GENETIC VARIATION AND EVOLUTION STUDY SECTION,GVE,10/19/2023,"WILKE, CLAUS O",PROFESSOR,DEPARTMENT OF INTEGRATIVE BIOLOGY,THE UNIVERSITY OF TEXAS AT AUSTIN,"AUSTIN,       TX,       78712",,,,"WILKE, CLAUS  O, PHD",WILKE,CLAUS O,CLAUS,10/19/2023,78712
GENETIC VARIATION AND EVOLUTION STUDY SECTION,GVE,2/15/2024,"WILKE, CLAUS O",PROFESSOR,DEPARTMENT OF INTEGRATIVE BIOLOGY,THE UNIVERSITY OF TEXAS AT AUSTIN,"AUSTIN,       TX,       78712",,,,"WILKE, CLAUS  O, PHD",WILKE,CLAUS O,CLAUS,2/15/2024,78712
GENETIC VARIATION AND EVOLUTION STUDY SECTION,GVE,6/17/2024,"WILKE, CLAUS O",PROFESSOR,DEPARTMENT OF INTEGRATIVE BIOLOGY,THE UNIVERSITY OF TEXAS AT AUSTIN,"AUSTIN,       TX,       78712",,,,"WILKE, CLAUS  O, PHD",WILKE,CLAUS O,CLAUS,6/17/2024,78712
CANCER MOLECULAR PATHOBIOLOGY STUDY SECTION,CAMP,2/22/2022,"XHEMALCE, BLERTA",ASSOCIATE PROFESSOR,DEPARTMENT OF MOLECULAR BIOSCIENCES,COLLEGE OF NATURAL SCIENCES,UNIVERSITY OF TEXAS AT AUSTIN,"AUSTIN, TX, 78712",,,"XHEMALCE, BLERTA, PHD*",XHEMALCE,BLERTA,BLERTA,02/22/22 - 02/23/22,78712
MOLECULAR GENETICS STUDY SECTION,MG,10/26/2023,"YANG, KUN",ASSISTANT PROFESSOR,DEPARTMENT OF CHEMICAL BIOLOGY,AND MEDICINAL CHEMISTRY,UNIVERSITY OF TEXAS AT AUSTIN,"AUSTIN,       TX,       78712",,,"YANG, KUN, PHD",YANG,KUN,KUN,10/26/2023,78712
GENETICS OF HEALTH AND DISEASE STUDY SECTION,GHD,2/26/2024,"YI, SONG",ASSISTANT PROFESSOR,DEPARTMENT OF BIOINFORMATICS,UNIVERSITY OF TEXAS AT AUSTIN,"AUSTIN,       TX,       78712",,,,"YI, SONG, PHD",YI,SONG,SONG,2/26/2024,78712
HUMAN COMPLEX MENTAL FUNCTION STUDY SECTION,HCMF,10/14/2021,"YU, CHEN",PROFESSOR,DEPARTMENT OF PSYCHOLOGY,"UNIVERSITY OF TEXAS, AUSTIN","AUSTIN, TX, 78746",,,,"YU, CHEN, PHD",YU,CHEN,CHEN,10/14/21 - 10/15/21,78746
HUMAN COMPLEX MENTAL FUNCTION STUDY SECTION,HCMF,6/16/2022,"YU, CHEN",PROFESSOR,DEPARTMENT OF PSYCHOLOGY,"UNIVERSITY OF TEXAS,  AUSTIN","AUSTIN, TX, 78746",,,,"YU, CHEN,  PHD",YU,CHEN,CHEN,06/16/22 -,78746
MACROMOLECULAR STRUCTURE AND FUNCTION A STUDY SECTION,MSFA,6/7/2021,"ZHANG, YAN JESSIE",ASSOCIATE PROFESSOR,DEPARTMENT OF MOLECULAR BIOSCIENCES,UNIVERSITY OF TEXAS-AUSTIN,"AUSTIN, TX, 78712",,,,"ZHANG, YAN JESSIE, PHD",ZHANG,YAN JESSIE,YAN,06/07/21 - 06/08/21,78712
MACROMOLECULAR STRUCTURE AND FUNCTION A STUDY SECTION,MSFA,10/12/2021,"ZHANG, YAN JESSIE",ASSOCIATE PROFESSOR,DEPARTMENT OF MOLECULAR BIOSCIENCES,UNIVERSITY OF TEXAS-AUSTIN,"AUSTIN, TX, 78712",,,,"ZHANG, YAN JESSIE, PHD",ZHANG,YAN JESSIE,YAN,10/12/21 - 10/13/21,78712
MACROMOLECULAR STRUCTURE AND FUNCTION A STUDY SECTION,MSFA,6/6/2022,"ZHANG, YAN JESSIE",PROFESSOR,DEPARTMENT OF MOLECULAR BIOSCIENCES,UNIVERSITY OF TEXAS-AUSTIN,"AUSTIN, TX, 78712",,,,"ZHANG, YAN JESSIE,  PHD",ZHANG,YAN JESSIE,YAN,06/06/22 -,78712
MACROMOLECULAR STRUCTURE AND FUNCTION A STUDY SECTION,MSFA,10/25/2022,"ZHANG, YAN JESSIE",PROFESSOR,DEPARTMENT OF MOLECULAR BIOSCIENCES,UNIVERSITY OF TEXAS-AUSTIN,"AUSTIN, TX, 78712",,,,"ZHANG, YAN JESSIE,  PHD",ZHANG,YAN JESSIE,YAN,10/25/2022,78712
MACROMOLECULAR STRUCTURE AND FUNCTION A STUDY SECTION,MSFA,3/7/2023,"ZHANG, YAN JESSIE",PROFESSOR,DEPARTMENT OF MOLECULAR BIOSCIENCES,UNIVERSITY OF TEXAS-AUSTIN,"AUSTIN, TX, 78712",,,,"ZHANG, YAN JESSIE,  PHD",ZHANG,YAN JESSIE,YAN,3/7/2023,78712
MACROMOLECULAR STRUCTURE AND FUNCTION A STUDY SECTION,MSFA,6/6/2023,"ZHANG, YAN JESSIE",PROFESSOR,DEPARTMENT OF MOLECULAR BIOSCIENCES,UNIVERSITY OF TEXAS-AUSTIN,"AUSTIN, TX, 78712",,,,"ZHANG, YAN JESSIE,  PHD",ZHANG,YAN JESSIE,YAN,6/6/2023,78712
MACROMOLECULAR STRUCTURE AND FUNCTION A STUDY SECTION,MSFA,10/3/2023,"ZHANG, YAN JESSIE",PROFESSOR,DEPARTMENT OF MOLECULAR BIOSCIENCES,UNIVERSITY OF TEXAS-AUSTIN,"AUSTIN,       TX,       78712",,,,"ZHANG, YAN  JESSIE, PHD",ZHANG,YAN JESSIE,YAN,10/3/2023,78712
MACROMOLECULAR STRUCTURE AND FUNCTION A STUDY SECTION,MSFA,2/27/2024,"ZHANG, YAN JESSIE",PROFESSOR,DEPARTMENT OF MOLECULAR BIOSCIENCES,UNIVERSITY OF TEXAS-AUSTIN,"AUSTIN,       TX,       78712",,,,"ZHANG, YAN  JESSIE, PHD",ZHANG,YAN JESSIE,YAN,2/27/2024,78712
MACROMOLECULAR STRUCTURE AND FUNCTION A STUDY SECTION,MSFA,5/29/2024,"ZHANG, YAN JESSIE",PROFESSOR,DEPARTMENT OF MOLECULAR BIOSCIENCES,UNIVERSITY OF TEXAS-AUSTIN,"AUSTIN,       TX,       78712",,,,"ZHANG, YAN  JESSIE, PHD",ZHANG,YAN JESSIE,YAN,5/29/2024,78712
INSTRUMENTATION AND SYSTEMS DEVELOPMENT STUDY SECTION,ISD,6/17/2021,"ZHENG, YUEBING",ASSOCIATE PROFESSOR,DEPARTMENT OF MECHANICAL ENGINEERING,"UNIVERSITY OF TEXAS, AUSTIN","AUSTIN, TX, 78712",,,,"ZHENG, YUEBING, PHD*",ZHENG,YUEBING,YUEBING,06/17/21 - 06/18/21,78712
